dt,temp
1901-02-01,13.888028571428563
1901-03-01,13.865428571428565
1901-04-01,13.844728571428563
1901-05-01,13.830914285714277
1901-06-01,13.830085714285707
1901-07-01,13.841885714285706
1901-08-01,13.863985714285707
1901-09-01,13.890657142857135
1901-10-01,13.914271428571421
1901-11-01,13.927414285714278
1901-12-01,13.928342857142848
1902-01-01,13.918999999999992
1902-02-01,13.90257142857142
1902-03-01,13.874014285714276
1902-04-01,13.847214285714276
1902-05-01,13.828742857142847
1902-06-01,13.823357142857134
1902-07-01,13.83224285714285
1902-08-01,13.84951428571428
1902-09-01,13.875914285714279
1902-10-01,13.896285714285709
1902-11-01,13.905057142857137
1902-12-01,13.902385714285709
1903-01-01,13.89094285714285
1903-02-01,13.867742857142852
1903-03-01,13.836685714285709
1903-04-01,13.807814285714281
1903-05-01,13.789357142857138
1903-06-01,13.782657142857138
1903-07-01,13.790342857142852
1903-08-01,13.806928571428566
1903-09-01,13.830557142857137
1903-10-01,13.851142857142852
1903-11-01,13.85984285714285
1903-12-01,13.860128571428564
1904-01-01,13.847828571428565
1904-02-01,13.822257142857136
1904-03-01,13.794214285714277
1904-04-01,13.765542857142849
1904-05-01,13.748114285714276
1904-06-01,13.744142857142847
1904-07-01,13.752914285714276
1904-08-01,13.774228571428562
1904-09-01,13.801285714285704
1904-10-01,13.825057142857133
1904-11-01,13.838385714285705
1904-12-01,13.841157142857135
1905-01-01,13.83054285714285
1905-02-01,13.803014285714278
1905-03-01,13.77464285714285
1905-04-01,13.750414285714278
1905-05-01,13.735557142857136
1905-06-01,13.731385714285707
1905-07-01,13.738657142857136
1905-08-01,13.757571428571424
1905-09-01,13.780399999999995
1905-10-01,13.804942857142851
1905-11-01,13.822485714285706
1905-12-01,13.819385714285707
1906-01-01,13.802099999999994
1906-02-01,13.777442857142852
1906-03-01,13.749828571428566
1906-04-01,13.727328571428567
1906-05-01,13.711328571428567
1906-06-01,13.70838571428571
1906-07-01,13.716385714285709
1906-08-01,13.733585714285708
1906-09-01,13.759699999999993
1906-10-01,13.783971428571421
1906-11-01,13.796585714285706
1906-12-01,13.79631428571428
1907-01-01,13.778885714285707
1907-02-01,13.749785714285707
1907-03-01,13.721285714285706
1907-04-01,13.695528571428563
1907-05-01,13.677485714285705
1907-06-01,13.671728571428563
1907-07-01,13.680599999999991
1907-08-01,13.700357142857134
1907-09-01,13.726785714285706
1907-10-01,13.752057142857135
1907-11-01,13.762585714285706
1907-12-01,13.757685714285707
1908-01-01,13.74544285714285
1908-02-01,13.724414285714277
1908-03-01,13.694514285714277
1908-04-01,13.668642857142848
1908-05-01,13.654471428571421
1908-06-01,13.653071428571419
1908-07-01,13.664142857142847
1908-08-01,13.685057142857135
1908-09-01,13.715742857142848
1908-10-01,13.741185714285706
1908-11-01,13.74967142857142
1908-12-01,13.74449999999999
1909-01-01,13.725985714285706
1909-02-01,13.70437142857142
1909-03-01,13.675999999999991
1909-04-01,13.65187142857142
1909-05-01,13.636785714285708
1909-06-01,13.636199999999993
1909-07-01,13.648528571428566
1909-08-01,13.673299999999992
1909-09-01,13.702371428571423
1909-10-01,13.72841428571428
1909-11-01,13.746214285714279
1909-12-01,13.74941428571428
1910-01-01,13.739199999999995
1910-02-01,13.718528571428568
1910-03-01,13.691885714285709
1910-04-01,13.669042857142854
1910-05-01,13.657442857142854
1910-06-01,13.657128571428567
1910-07-01,13.670714285714281
1910-08-01,13.69375714285714
1910-09-01,13.719499999999995
1910-10-01,13.743771428571423
1910-11-01,13.754042857142851
1910-12-01,13.75291428571428
1911-01-01,13.73578571428571
1911-02-01,13.710128571428568
1911-03-01,13.678714285714282
1911-04-01,13.65238571428571
1911-05-01,13.635614285714281
1911-06-01,13.630828571428566
1911-07-01,13.639671428571424
1911-08-01,13.659199999999995
1911-09-01,13.682799999999995
1911-10-01,13.70805714285714
1911-11-01,13.722699999999996
1911-12-01,13.72405714285714
1912-01-01,13.710657142857139
1912-02-01,13.686299999999996
1912-03-01,13.657285714285711
1912-04-01,13.634528571428568
1912-05-01,13.621371428571427
1912-06-01,13.620471428571427
1912-07-01,13.628814285714284
1912-08-01,13.644771428571428
1912-09-01,13.66885714285714
1912-10-01,13.686814285714282
1912-11-01,13.699971428571425
1912-12-01,13.701399999999998
1913-01-01,13.685914285714283
1913-02-01,13.661928571428568
1913-03-01,13.636014285714284
1913-04-01,13.61392857142857
1913-05-01,13.599685714285714
1913-06-01,13.597285714285713
1913-07-01,13.607871428571428
1913-08-01,13.627971428571428
1913-09-01,13.657757142857143
1913-10-01,13.684385714285714
1913-11-01,13.700314285714285
1913-12-01,13.704828571428571
1914-01-01,13.701414285714284
1914-02-01,13.683014285714284
1914-03-01,13.655671428571427
1914-04-01,13.631857142857143
1914-05-01,13.619628571428573
1914-06-01,13.621471428571427
1914-07-01,13.633257142857142
1914-08-01,13.6589
1914-09-01,13.692571428571426
1914-10-01,13.725471428571428
1914-11-01,13.74822857142857
1914-12-01,13.755414285714284
1915-01-01,13.748271428571428
1915-02-01,13.732557142857141
1915-03-01,13.712657142857141
1915-04-01,13.696828571428568
1915-05-01,13.690028571428568
1915-06-01,13.69055714285714
1915-07-01,13.705299999999996
1915-08-01,13.731871428571425
1915-09-01,13.76268571428571
1915-10-01,13.790585714285713
1915-11-01,13.808628571428569
1915-12-01,13.812199999999997
1916-01-01,13.805342857142854
1916-02-01,13.78718571428571
1916-03-01,13.761371428571424
1916-04-01,13.738542857142853
1916-05-01,13.725428571428568
1916-06-01,13.723999999999997
1916-07-01,13.735942857142854
1916-08-01,13.758199999999997
1916-09-01,13.789428571428568
1916-10-01,13.819428571428569
1916-11-01,13.836014285714283
1916-12-01,13.834414285714283
1917-01-01,13.821742857142853
1917-02-01,13.797457142857139
1917-03-01,13.768299999999996
1917-04-01,13.743899999999996
1917-05-01,13.728142857142855
1917-06-01,13.72602857142857
1917-07-01,13.739742857142856
1917-08-01,13.760657142857141
1917-09-01,13.787871428571426
1917-10-01,13.80962857142857
1917-11-01,13.820414285714284
1917-12-01,13.81375714285714
1918-01-01,13.800685714285713
1918-02-01,13.773799999999998
1918-03-01,13.744428571428568
1918-04-01,13.716199999999997
1918-05-01,13.702385714285711
1918-06-01,13.703671428571425
1918-07-01,13.718857142857141
1918-08-01,13.744271428571427
1918-09-01,13.776185714285711
1918-10-01,13.807885714285712
1918-11-01,13.826999999999998
1918-12-01,13.830728571428569
1919-01-01,13.822414285714283
1919-02-01,13.802342857142852
1919-03-01,13.777457142857136
1919-04-01,13.758771428571423
1919-05-01,13.747199999999994
1919-06-01,13.745899999999995
1919-07-01,13.758085714285707
1919-08-01,13.780871428571423
1919-09-01,13.808142857142851
1919-10-01,13.829314285714279
1919-11-01,13.835757142857137
1919-12-01,13.834114285714282
1920-01-01,13.824542857142854
1920-02-01,13.80248571428571
1920-03-01,13.777299999999997
1920-04-01,13.754114285714284
1920-05-01,13.740657142857142
1920-06-01,13.738399999999999
1920-07-01,13.749328571428569
1920-08-01,13.767942857142856
1920-09-01,13.795514285714283
1920-10-01,13.819042857142854
1920-11-01,13.832814285714283
1920-12-01,13.828499999999996
1921-01-01,13.81528571428571
1921-02-01,13.78935714285714
1921-03-01,13.758028571428568
1921-04-01,13.732714285714282
1921-05-01,13.716914285714282
1921-06-01,13.714899999999997
1921-07-01,13.726757142857139
1921-08-01,13.748742857142853
1921-09-01,13.776228571428566
1921-10-01,13.804614285714282
1921-11-01,13.819714285714282
1921-12-01,13.821314285714283
1922-01-01,13.80932857142857
1922-02-01,13.786542857142853
1922-03-01,13.762457142857139
1922-04-01,13.742157142857138
1922-05-01,13.727657142857138
1922-06-01,13.727399999999996
1922-07-01,13.74078571428571
1922-08-01,13.763028571428565
1922-09-01,13.793185714285707
1922-10-01,13.824842857142851
1922-11-01,13.845228571428565
1922-12-01,13.853071428571422
1923-01-01,13.846857142857138
1923-02-01,13.82681428571428
1923-03-01,13.802899999999994
1923-04-01,13.781857142857136
1923-05-01,13.767542857142852
1923-06-01,13.767357142857138
1923-07-01,13.778242857142853
1923-08-01,13.802671428571424
1923-09-01,13.832542857142853
1923-10-01,13.867614285714282
1923-11-01,13.889928571428568
1923-12-01,13.898242857142852
1924-01-01,13.888699999999996
1924-02-01,13.87078571428571
1924-03-01,13.849799999999995
1924-04-01,13.82728571428571
1924-05-01,13.815871428571423
1924-06-01,13.816557142857137
1924-07-01,13.826885714285709
1924-08-01,13.844757142857137
1924-09-01,13.870857142857139
1924-10-01,13.89548571428571
1924-11-01,13.909685714285711
1924-12-01,13.908528571428569
1925-01-01,13.894571428571426
1925-02-01,13.867685714285711
1925-03-01,13.840242857142854
1925-04-01,13.817299999999998
1925-05-01,13.805099999999998
1925-06-01,13.803671428571427
1925-07-01,13.815514285714283
1925-08-01,13.83902857142857
1925-09-01,13.871942857142855
1925-10-01,13.90075714285714
1925-11-01,13.917257142857139
1925-12-01,13.925042857142852
1926-01-01,13.917799999999994
1926-02-01,13.898357142857138
1926-03-01,13.876599999999994
1926-04-01,13.854942857142852
1926-05-01,13.841471428571424
1926-06-01,13.84045714285714
1926-07-01,13.851071428571426
1926-08-01,13.873242857142856
1926-09-01,13.903628571428568
1926-10-01,13.935871428571426
1926-11-01,13.951199999999998
1926-12-01,13.951599999999997
1927-01-01,13.940499999999997
1927-02-01,13.920242857142854
1927-03-01,13.89215714285714
1927-04-01,13.866542857142854
1927-05-01,13.851699999999997
1927-06-01,13.850314285714283
1927-07-01,13.860642857142855
1927-08-01,13.880471428571425
1927-09-01,13.908642857142855
1927-10-01,13.936314285714282
1927-11-01,13.953771428571423
1927-12-01,13.956428571428567
1928-01-01,13.94805714285714
1928-02-01,13.927699999999998
1928-03-01,13.902971428571426
1928-04-01,13.879799999999998
1928-05-01,13.864385714285714
1928-06-01,13.862528571428571
1928-07-01,13.875842857142855
1928-08-01,13.899314285714285
1928-09-01,13.9271
1928-10-01,13.952514285714285
1928-11-01,13.969099999999997
1928-12-01,13.973342857142855
1929-01-01,13.961014285714283
1929-02-01,13.935771428571428
1929-03-01,13.907271428571427
1929-04-01,13.880942857142855
1929-05-01,13.865714285714283
1929-06-01,13.862585714285713
1929-07-01,13.872114285714282
1929-08-01,13.89025714285714
1929-09-01,13.913971428571424
1929-10-01,13.937028571428568
1929-11-01,13.95305714285714
1929-12-01,13.95015714285714
1930-01-01,13.936057142857141
1930-02-01,13.91412857142857
1930-03-01,13.887857142857143
1930-04-01,13.864185714285714
1930-05-01,13.850371428571428
1930-06-01,13.849857142857141
1930-07-01,13.863385714285712
1930-08-01,13.888114285714284
1930-09-01,13.917328571428571
1930-10-01,13.946599999999998
1930-11-01,13.9687
1930-12-01,13.975871428571429
1931-01-01,13.96647142857143
1931-02-01,13.945085714285716
1931-03-01,13.919428571428572
1931-04-01,13.8968
1931-05-01,13.883742857142858
1931-06-01,13.883600000000001
1931-07-01,13.89737142857143
1931-08-01,13.921185714285716
1931-09-01,13.948800000000002
1931-10-01,13.972757142857146
1931-11-01,13.983285714285717
1931-12-01,13.984185714285717
1932-01-01,13.97214285714286
1932-02-01,13.949085714285717
1932-03-01,13.9235
1932-04-01,13.902871428571428
1932-05-01,13.890757142857142
1932-06-01,13.887614285714285
1932-07-01,13.897614285714285
1932-08-01,13.9163
1932-09-01,13.944899999999999
1932-10-01,13.972614285714284
1932-11-01,13.986071428571426
1932-12-01,13.986714285714285
1933-01-01,13.976957142857142
1933-02-01,13.954871428571428
1933-03-01,13.925999999999998
1933-04-01,13.901671428571426
1933-05-01,13.885857142857141
1933-06-01,13.881271428571427
1933-07-01,13.88985714285714
1933-08-01,13.90792857142857
1933-09-01,13.931857142857144
1933-10-01,13.957399999999998
1933-11-01,13.964857142857142
1933-12-01,13.960042857142856
1934-01-01,13.947614285714284
1934-02-01,13.927399999999999
1934-03-01,13.899342857142855
1934-04-01,13.875814285714284
1934-05-01,13.862171428571429
1934-06-01,13.861485714285713
1934-07-01,13.874042857142856
1934-08-01,13.895871428571427
1934-09-01,13.923157142857143
1934-10-01,13.9498
1934-11-01,13.970757142857142
1934-12-01,13.978485714285712
1935-01-01,13.967185714285714
1935-02-01,13.951785714285714
1935-03-01,13.928700000000001
1935-04-01,13.9061
1935-05-01,13.893185714285714
1935-06-01,13.892471428571428
1935-07-01,13.90422857142857
1935-08-01,13.924785714285713
1935-09-01,13.951414285714284
1935-10-01,13.982999999999997
1935-11-01,13.994842857142855
1935-12-01,13.99675714285714
1936-01-01,13.982114285714282
1936-02-01,13.958314285714282
1936-03-01,13.929928571428569
1936-04-01,13.90652857142857
1936-05-01,13.891771428571428
1936-06-01,13.889514285714284
1936-07-01,13.901085714285713
1936-08-01,13.922099999999999
1936-09-01,13.946499999999999
1936-10-01,13.972285714285713
1936-11-01,13.986942857142855
1936-12-01,13.991228571428572
1937-01-01,13.979785714285715
1937-02-01,13.961371428571429
1937-03-01,13.935042857142859
1937-04-01,13.91037142857143
1937-05-01,13.895542857142859
1937-06-01,13.894214285714286
1937-07-01,13.906042857142857
1937-08-01,13.927242857142856
1937-09-01,13.957457142857143
1937-10-01,13.984571428571428
1937-11-01,13.998471428571428
1937-12-01,14.001342857142856
1938-01-01,13.992185714285714
1938-02-01,13.970871428571428
1938-03-01,13.946028571428572
1938-04-01,13.925857142857144
1938-05-01,13.912571428571429
1938-06-01,13.911871428571427
1938-07-01,13.921871428571428
1938-08-01,13.943957142857142
1938-09-01,13.976985714285714
1938-10-01,14.007714285714286
1938-11-01,14.0265
1938-12-01,14.0295
1939-01-01,14.021700000000001
1939-02-01,14.002585714285715
1939-03-01,13.977042857142857
1939-04-01,13.958214285714286
1939-05-01,13.948842857142859
1939-06-01,13.950228571428573
1939-07-01,13.965428571428571
1939-08-01,13.98997142857143
1939-09-01,14.022800000000002
1939-10-01,14.052742857142858
1939-11-01,14.069871428571432
1939-12-01,14.077900000000003
1940-01-01,14.07244285714286
1940-02-01,14.057071428571431
1940-03-01,14.03334285714286
1940-04-01,14.013385714285716
1940-05-01,14.001614285714288
1940-06-01,14.002285714285717
1940-07-01,14.017571428571431
1940-08-01,14.04087142857143
1940-09-01,14.069157142857145
1940-10-01,14.095528571428574
1940-11-01,14.114314285714286
1940-12-01,14.117014285714285
1941-01-01,14.107371428571428
1941-02-01,14.09202857142857
1941-03-01,14.069014285714283
1941-04-01,14.04772857142857
1941-05-01,14.036457142857142
1941-06-01,14.0386
1941-07-01,14.054528571428571
1941-08-01,14.076728571428571
1941-09-01,14.107385714285716
1941-10-01,14.138371428571428
1941-11-01,14.15674285714286
1941-12-01,14.16507142857143
1942-01-01,14.162657142857142
1942-02-01,14.143542857142856
1942-03-01,14.120171428571426
1942-04-01,14.098414285714282
1942-05-01,14.086171428571426
1942-06-01,14.086628571428568
1942-07-01,14.09888571428571
1942-08-01,14.119028571428569
1942-09-01,14.147028571428567
1942-10-01,14.171957142857138
1942-11-01,14.187228571428566
1942-12-01,14.18838571428571
1943-01-01,14.178071428571425
1943-02-01,14.159371428571424
1943-03-01,14.132328571428568
1943-04-01,14.109814285714283
1943-05-01,14.096299999999996
1943-06-01,14.093585714285712
1943-07-01,14.103842857142856
1943-08-01,14.125099999999998
1943-09-01,14.152314285714285
1943-10-01,14.18212857142857
1943-11-01,14.197542857142857
1943-12-01,14.200885714285715
1944-01-01,14.193385714285714
1944-02-01,14.17424285714286
1944-03-01,14.152314285714288
1944-04-01,14.132485714285718
1944-05-01,14.121457142857146
1944-06-01,14.12164285714286
1944-07-01,14.134414285714287
1944-08-01,14.156414285714288
1944-09-01,14.18617142857143
1944-10-01,14.216928571428573
1944-11-01,14.232728571428574
1944-12-01,14.236514285714287
1945-01-01,14.229114285714287
1945-02-01,14.207257142857145
1945-03-01,14.180414285714287
1945-04-01,14.159142857142859
1945-05-01,14.145528571428573
1945-06-01,14.14447142857143
1945-07-01,14.155700000000001
1945-08-01,14.181771428571428
1945-09-01,14.212128571428572
1945-10-01,14.234285714285713
1945-11-01,14.247714285714284
1945-12-01,14.245857142857142
1946-01-01,14.233671428571428
1946-02-01,14.209342857142857
1946-03-01,14.182257142857143
1946-04-01,14.158842857142858
1946-05-01,14.141742857142857
1946-06-01,14.136328571428571
1946-07-01,14.145057142857143
1946-08-01,14.16377142857143
1946-09-01,14.190700000000001
1946-10-01,14.21257142857143
1946-11-01,14.225971428571432
1946-12-01,14.22114285714286
1947-01-01,14.210200000000004
1947-02-01,14.189100000000005
1947-03-01,14.16368571428572
1947-04-01,14.139914285714289
1947-05-01,14.123000000000003
1947-06-01,14.120685714285717
1947-07-01,14.13377142857143
1947-08-01,14.150814285714288
1947-09-01,14.177600000000002
1947-10-01,14.201671428571432
1947-11-01,14.21204285714286
1947-12-01,14.211757142857145
1948-01-01,14.199900000000005
1948-02-01,14.175642857142861
1948-03-01,14.144471428571432
1948-04-01,14.118528571428577
1948-05-01,14.105171428571433
1948-06-01,14.104971428571435
1948-07-01,14.115328571428577
1948-08-01,14.136000000000006
1948-09-01,14.161671428571434
1948-10-01,14.184842857142863
1948-11-01,14.197028571428577
1948-12-01,14.191671428571434
1949-01-01,14.18171428571429
1949-02-01,14.155257142857147
1949-03-01,14.125971428571432
1949-04-01,14.100842857142862
1949-05-01,14.08411428571429
1949-06-01,14.077385714285718
1949-07-01,14.085400000000002
1949-08-01,14.101257142857145
1949-09-01,14.124700000000002
1949-10-01,14.145714285714286
1949-11-01,14.152671428571429
1949-12-01,14.149057142857142
1950-01-01,14.13027142857143
1950-02-01,14.101242857142857
1950-03-01,14.070228571428572
1950-04-01,14.041600000000003
1950-05-01,14.023614285714288
1950-06-01,14.01837142857143
1950-07-01,14.026157142857143
1950-08-01,14.041542857142858
1950-09-01,14.065800000000001
1950-10-01,14.086714285714288
1950-11-01,14.094714285714288
1950-12-01,14.093000000000002
1951-01-01,14.075285714285716
1951-02-01,14.044628571428573
1951-03-01,14.015428571428574
1951-04-01,13.990885714285717
1951-05-01,13.978357142857144
1951-06-01,13.974900000000002
1951-07-01,13.985057142857146
1951-08-01,14.006385714285718
1951-09-01,14.035728571428574
1951-10-01,14.064800000000002
1951-11-01,14.078542857142859
1951-12-01,14.08274285714286
1952-01-01,14.07317142857143
1952-02-01,14.05257142857143
1952-03-01,14.025514285714287
1952-04-01,14.005557142857143
1952-05-01,13.993157142857143
1952-06-01,13.995157142857144
1952-07-01,14.009485714285717
1952-08-01,14.033157142857144
1952-09-01,14.064014285714286
1952-10-01,14.093857142857143
1952-11-01,14.106857142857143
1952-12-01,14.108500000000001
1953-01-01,14.096200000000001
1953-02-01,14.076042857142859
1953-03-01,14.051242857142858
1953-04-01,14.0324
1953-05-01,14.022300000000001
1953-06-01,14.025828571428573
1953-07-01,14.040085714285716
1953-08-01,14.062285714285716
1953-09-01,14.091057142857144
1953-10-01,14.118771428571431
1953-11-01,14.131914285714288
1953-12-01,14.136885714285716
1954-01-01,14.125242857142858
1954-02-01,14.103871428571429
1954-03-01,14.074928571428574
1954-04-01,14.0504
1954-05-01,14.0372
1954-06-01,14.035757142857143
1954-07-01,14.047114285714287
1954-08-01,14.068357142857142
1954-09-01,14.0982
1954-10-01,14.12907142857143
1954-11-01,14.14457142857143
1954-12-01,14.147185714285717
1955-01-01,14.139557142857146
1955-02-01,14.117271428571433
1955-03-01,14.087671428571433
1955-04-01,14.065171428571434
1955-05-01,14.050657142857148
1955-06-01,14.04968571428572
1955-07-01,14.06138571428572
1955-08-01,14.085400000000003
1955-09-01,14.113085714285718
1955-10-01,14.139228571428577
1955-11-01,14.153428571428575
1955-12-01,14.155585714285719
1956-01-01,14.144414285714289
1956-02-01,14.123328571428575
1956-03-01,14.094171428571434
1956-04-01,14.06711428571429
1956-05-01,14.049242857142863
1956-06-01,14.047957142857147
1956-07-01,14.06004285714286
1956-08-01,14.08001428571429
1956-09-01,14.10978571428572
1956-10-01,14.133671428571434
1956-11-01,14.15035714285715
1956-12-01,14.156842857142863
1957-01-01,14.14538571428572
1957-02-01,14.12328571428572
1957-03-01,14.093228571428577
1957-04-01,14.068228571428577
1957-05-01,14.054857142857148
1957-06-01,14.053271428571435
1957-07-01,14.062314285714292
1957-08-01,14.083228571428577
1957-09-01,14.112300000000007
1957-10-01,14.136100000000008
1957-11-01,14.148642857142866
1957-12-01,14.149242857142864
1958-01-01,14.143500000000008
1958-02-01,14.123042857142867
1958-03-01,14.096714285714294
1958-04-01,14.071614285714293
1958-05-01,14.056542857142864
1958-06-01,14.052200000000006
1958-07-01,14.061028571428578
1958-08-01,14.080800000000005
1958-09-01,14.108671428571435
1958-10-01,14.133300000000007
1958-11-01,14.147114285714292
1958-12-01,14.146271428571435
1959-01-01,14.134614285714292
1959-02-01,14.108857142857149
1959-03-01,14.080214285714293
1959-04-01,14.055242857142863
1959-05-01,14.040400000000005
1959-06-01,14.03781428571429
1959-07-01,14.04741428571429
1959-08-01,14.06758571428572
1959-09-01,14.094342857142863
1959-10-01,14.117428571428578
1959-11-01,14.132871428571436
1959-12-01,14.134714285714292
1960-01-01,14.124071428571435
1960-02-01,14.103714285714291
1960-03-01,14.072214285714292
1960-04-01,14.046628571428576
1960-05-01,14.033042857142862
1960-06-01,14.032285714285718
1960-07-01,14.043400000000004
1960-08-01,14.065057142857146
1960-09-01,14.091757142857146
1960-10-01,14.11884285714286
1960-11-01,14.127785714285716
1960-12-01,14.13357142857143
1961-01-01,14.12637142857143
1961-02-01,14.108885714285716
1961-03-01,14.085085714285714
1961-04-01,14.063928571428571
1961-05-01,14.053428571428572
1961-06-01,14.051685714285716
1961-07-01,14.065000000000001
1961-08-01,14.086914285714286
1961-09-01,14.119014285714288
1961-10-01,14.147514285714285
1961-11-01,14.163214285714284
1961-12-01,14.164357142857142
1962-01-01,14.156571428571425
1962-02-01,14.139585714285712
1962-03-01,14.118214285714284
1962-04-01,14.096714285714285
1962-05-01,14.082142857142854
1962-06-01,14.084828571428568
1962-07-01,14.097757142857139
1962-08-01,14.122571428571424
1962-09-01,14.15178571428571
1962-10-01,14.176414285714282
1962-11-01,14.192528571428568
1962-12-01,14.193885714285711
1963-01-01,14.183371428571425
1963-02-01,14.162642857142853
1963-03-01,14.13058571428571
1963-04-01,14.10274285714285
1963-05-01,14.08744285714285
1963-06-01,14.083328571428565
1963-07-01,14.093971428571422
1963-08-01,14.11801428571428
1963-09-01,14.147828571428564
1963-10-01,14.172857142857136
1963-11-01,14.183657142857136
1963-12-01,14.182114285714277
1964-01-01,14.167457142857137
1964-02-01,14.143428571428565
1964-03-01,14.111185714285709
1964-04-01,14.083171428571422
1964-05-01,14.06498571428571
1964-06-01,14.063699999999994
1964-07-01,14.074728571428567
1964-08-01,14.091771428571423
1964-09-01,14.114199999999993
1964-10-01,14.134028571428564
1964-11-01,14.14317142857142
1964-12-01,14.139885714285706
1965-01-01,14.125585714285707
1965-02-01,14.098599999999992
1965-03-01,14.067599999999993
1965-04-01,14.039557142857136
1965-05-01,14.023557142857136
1965-06-01,14.020471428571422
1965-07-01,14.03054285714285
1965-08-01,14.051685714285705
1965-09-01,14.078814285714277
1965-10-01,14.103528571428562
1965-11-01,14.11707142857142
1965-12-01,14.116128571428561
1966-01-01,14.106914285714277
1966-02-01,14.086528571428563
1966-03-01,14.059542857142848
1966-04-01,14.035214285714277
1966-05-01,14.020114285714278
1966-06-01,14.017214285714278
1966-07-01,14.028471428571422
1966-08-01,14.04874285714285
1966-09-01,14.079285714285707
1966-10-01,14.098985714285707
1966-11-01,14.112071428571422
1966-12-01,14.110157142857137
1967-01-01,14.096428571428566
1967-02-01,14.069157142857138
1967-03-01,14.040342857142853
1967-04-01,14.01448571428571
1967-05-01,14.002885714285709
1967-06-01,14.00091428571428
1967-07-01,14.011557142857137
1967-08-01,14.033442857142852
1967-09-01,14.060742857142854
1967-10-01,14.088314285714283
1967-11-01,14.100328571428568
1967-12-01,14.09915714285714
1968-01-01,14.082642857142854
1968-02-01,14.057928571428569
1968-03-01,14.03412857142857
1968-04-01,14.009171428571426
1968-05-01,13.994057142857141
1968-06-01,13.992271428571426
1968-07-01,14.001771428571425
1968-08-01,14.02245714285714
1968-09-01,14.047342857142853
1968-10-01,14.073628571428568
1968-11-01,14.086771428571426
1968-12-01,14.084928571428568
1969-01-01,14.075742857142854
1969-02-01,14.053214285714283
1969-03-01,14.02695714285714
1969-04-01,14.005599999999998
1969-05-01,13.993514285714284
1969-06-01,13.989828571428568
1969-07-01,13.996899999999997
1969-08-01,14.016799999999998
1969-09-01,14.043914285714283
1969-10-01,14.06972857142857
1969-11-01,14.086385714285711
1969-12-01,14.092985714285712
1970-01-01,14.087428571428568
1970-02-01,14.07282857142857
1970-03-01,14.050171428571426
1970-04-01,14.027599999999998
1970-05-01,14.014571428571426
1970-06-01,14.016342857142854
1970-07-01,14.031628571428568
1970-08-01,14.05625714285714
1970-09-01,14.089299999999996
1970-10-01,14.11825714285714
1970-11-01,14.132185714285711
1970-12-01,14.133699999999997
1971-01-01,14.123671428571425
1971-02-01,14.101571428571425
1971-03-01,14.07238571428571
1971-04-01,14.048528571428568
1971-05-01,14.035314285714282
1971-06-01,14.03265714285714
1971-07-01,14.04482857142857
1971-08-01,14.06575714285714
1971-09-01,14.09412857142857
1971-10-01,14.118585714285711
1971-11-01,14.133914285714283
1971-12-01,14.133471428571426
1972-01-01,14.118757142857142
1972-02-01,14.094285714285713
1972-03-01,14.068585714285712
1972-04-01,14.04455714285714
1972-05-01,14.029499999999995
1972-06-01,14.02898571428571
1972-07-01,14.039314285714282
1972-08-01,14.06598571428571
1972-09-01,14.094842857142853
1972-10-01,14.120414285714281
1972-11-01,14.13601428571428
1972-12-01,14.143328571428565
1973-01-01,14.134414285714278
1973-02-01,14.116257142857137
1973-03-01,14.088957142857137
1973-04-01,14.069157142857136
1973-05-01,14.05814285714285
1973-06-01,14.058957142857135
1973-07-01,14.07104285714285
1973-08-01,14.09294285714285
1973-09-01,14.122999999999994
1973-10-01,14.149585714285708
1973-11-01,14.167114285714279
1973-12-01,14.170057142857136
1974-01-01,14.154485714285707
1974-02-01,14.129042857142851
1974-03-01,14.10194285714285
1974-04-01,14.07784285714285
1974-05-01,14.065628571428565
1974-06-01,14.065571428571422
1974-07-01,14.078899999999994
1974-08-01,14.102171428571422
1974-09-01,14.130899999999993
1974-10-01,14.156285714285708
1974-11-01,14.170099999999994
1974-12-01,14.171399999999995
1975-01-01,14.160857142857136
1975-02-01,14.138442857142849
1975-03-01,14.110185714285707
1975-04-01,14.085885714285709
1975-05-01,14.075614285714279
1975-06-01,14.074399999999994
1975-07-01,14.08404285714285
1975-08-01,14.102085714285707
1975-09-01,14.12861428571428
1975-10-01,14.14868571428571
1975-11-01,14.157828571428567
1975-12-01,14.154614285714281
1976-01-01,14.141942857142851
1976-02-01,14.117671428571423
1976-03-01,14.087228571428566
1976-04-01,14.062742857142851
1976-05-01,14.045114285714279
1976-06-01,14.042285714285708
1976-07-01,14.05101428571428
1976-08-01,14.070399999999994
1976-09-01,14.098999999999993
1976-10-01,14.122971428571422
1976-11-01,14.13771428571428
1976-12-01,14.143685714285708
1977-01-01,14.139699999999994
1977-02-01,14.122385714285707
1977-03-01,14.099057142857136
1977-04-01,14.081085714285706
1977-05-01,14.073728571428564
1977-06-01,14.078214285714278
1977-07-01,14.092957142857136
1977-08-01,14.119699999999995
1977-09-01,14.150271428571424
1977-10-01,14.178771428571423
1977-11-01,14.199514285714281
1977-12-01,14.204457142857137
1978-01-01,14.194699999999996
1978-02-01,14.17548571428571
1978-03-01,14.150442857142853
1978-04-01,14.128785714285709
1978-05-01,14.117299999999995
1978-06-01,14.113499999999997
1978-07-01,14.125299999999996
1978-08-01,14.144328571428568
1978-09-01,14.174142857142854
1978-10-01,14.195971428571426
1978-11-01,14.208999999999998
1978-12-01,14.207999999999998
1979-01-01,14.19602857142857
1979-02-01,14.168914285714283
1979-03-01,14.140799999999999
1979-04-01,14.117499999999998
1979-05-01,14.103357142857142
1979-06-01,14.10232857142857
1979-07-01,14.1131
1979-08-01,14.136171428571428
1979-09-01,14.167885714285713
1979-10-01,14.196485714285712
1979-11-01,14.216814285714284
1979-12-01,14.228914285714284
1980-01-01,14.2243
1980-02-01,14.210114285714285
1980-03-01,14.18872857142857
1980-04-01,14.170585714285712
1980-05-01,14.162314285714285
1980-06-01,14.16112857142857
1980-07-01,14.176899999999998
1980-08-01,14.203171428571427
1980-09-01,14.235214285714285
1980-10-01,14.263671428571428
1980-11-01,14.281014285714287
1980-12-01,14.283114285714287
1981-01-01,14.277442857142859
1981-02-01,14.260085714285715
1981-03-01,14.236485714285715
1981-04-01,14.216414285714288
1981-05-01,14.206571428571431
1981-06-01,14.212871428571429
1981-07-01,14.229571428571429
1981-08-01,14.258485714285715
1981-09-01,14.292842857142858
1981-10-01,14.321557142857143
1981-11-01,14.339242857142859
1981-12-01,14.348357142857145
1982-01-01,14.34177142857143
1982-02-01,14.32307142857143
1982-03-01,14.299485714285717
1982-04-01,14.279285714285717
1982-05-01,14.268457142857146
1982-06-01,14.27044285714286
1982-07-01,14.283628571428576
1982-08-01,14.309371428571433
1982-09-01,14.33978571428572
1982-10-01,14.364414285714291
1982-11-01,14.375571428571435
1982-12-01,14.37898571428572
1983-01-01,14.371414285714293
1983-02-01,14.35152857142858
1983-03-01,14.324157142857151
1983-04-01,14.299814285714294
1983-05-01,14.287614285714294
1983-06-01,14.285214285714295
1983-07-01,14.297214285714293
1983-08-01,14.322571428571436
1983-09-01,14.353800000000007
1983-10-01,14.379914285714293
1983-11-01,14.395985714285722
1983-12-01,14.39712857142858
1984-01-01,14.386642857142865
1984-02-01,14.363671428571436
1984-03-01,14.338214285714294
1984-04-01,14.316028571428578
1984-05-01,14.305814285714293
1984-06-01,14.30802857142858
1984-07-01,14.317842857142866
1984-08-01,14.341842857142865
1984-09-01,14.370814285714294
1984-10-01,14.395385714285723
1984-11-01,14.406885714285723
1984-12-01,14.408057142857151
1985-01-01,14.397614285714296
1985-02-01,14.372942857142867
1985-03-01,14.347314285714296
1985-04-01,14.324142857142865
1985-05-01,14.31225714285715
1985-06-01,14.310685714285722
1985-07-01,14.317314285714293
1985-08-01,14.338514285714293
1985-09-01,14.364928571428578
1985-10-01,14.384842857142864
1985-11-01,14.39470000000001
1985-12-01,14.39165714285715
1986-01-01,14.377971428571437
1986-02-01,14.356228571428579
1986-03-01,14.327414285714294
1986-04-01,14.304742857142864
1986-05-01,14.28995714285715
1986-06-01,14.286071428571436
1986-07-01,14.295471428571437
1986-08-01,14.317642857142864
1986-09-01,14.343300000000008
1986-10-01,14.367400000000007
1986-11-01,14.374657142857151
1986-12-01,14.371914285714293
1987-01-01,14.358614285714292
1987-02-01,14.337842857142864
1987-03-01,14.30998571428572
1987-04-01,14.28468571428572
1987-05-01,14.26941428571429
1987-06-01,14.267142857142863
1987-07-01,14.281114285714292
1987-08-01,14.305557142857149
1987-09-01,14.335800000000006
1987-10-01,14.358585714285718
1987-11-01,14.373971428571434
1987-12-01,14.379728571428577
1988-01-01,14.376042857142862
1988-02-01,14.358857142857147
1988-03-01,14.33567142857143
1988-04-01,14.317057142857145
1988-05-01,14.307171428571431
1988-06-01,14.310700000000002
1988-07-01,14.324300000000003
1988-08-01,14.350314285714289
1988-09-01,14.382642857142859
1988-10-01,14.406185714285716
1988-11-01,14.41437142857143
1988-12-01,14.412885714285714
1989-01-01,14.396885714285714
1989-02-01,14.375214285714286
1989-03-01,14.346971428571429
1989-04-01,14.324257142857142
1989-05-01,14.309214285714285
1989-06-01,14.304614285714285
1989-07-01,14.314314285714286
1989-08-01,14.338685714285713
1989-09-01,14.368057142857143
1989-10-01,14.3947
1989-11-01,14.40692857142857
1989-12-01,14.412
1990-01-01,14.40207142857143
1990-02-01,14.383428571428572
1990-03-01,14.361442857142858
1990-04-01,14.345157142857143
1990-05-01,14.337928571428572
1990-06-01,14.339828571428571
1990-07-01,14.354157142857142
1990-08-01,14.379457142857142
1990-09-01,14.41225714285714
1990-10-01,14.444114285714283
1990-11-01,14.45992857142857
1990-12-01,14.466114285714283
1991-01-01,14.458099999999998
1991-02-01,14.441342857142855
1991-03-01,14.416785714285712
1991-04-01,14.398628571428569
1991-05-01,14.390842857142855
1991-06-01,14.394071428571428
1991-07-01,14.41012857142857
1991-08-01,14.436471428571426
1991-09-01,14.470071428571426
1991-10-01,14.4972
1991-11-01,14.512357142857143
1991-12-01,14.512471428571427
1992-01-01,14.504028571428572
1992-02-01,14.483942857142859
1992-03-01,14.459528571428573
1992-04-01,14.438528571428574
1992-05-01,14.427557142857145
1992-06-01,14.427285714285718
1992-07-01,14.438514285714291
1992-08-01,14.459742857142862
1992-09-01,14.486257142857147
1992-10-01,14.50954285714286
1992-11-01,14.518985714285717
1992-12-01,14.517585714285715
1993-01-01,14.508371428571431
1993-02-01,14.488500000000004
1993-03-01,14.462357142857146
1993-04-01,14.437885714285718
1993-05-01,14.422271428571433
1993-06-01,14.42034285714286
1993-07-01,14.430128571428575
1993-08-01,14.45031428571429
1993-09-01,14.478371428571434
1993-10-01,14.500300000000005
1993-11-01,14.508300000000006
1993-12-01,14.50622857142858
1994-01-01,14.492085714285722
1994-02-01,14.464614285714294
1994-03-01,14.436357142857151
1994-04-01,14.412214285714292
1994-05-01,14.39818571428572
1994-06-01,14.396828571428578
1994-07-01,14.406157142857152
1994-08-01,14.426914285714295
1994-09-01,14.459057142857151
1994-10-01,14.486385714285722
1994-11-01,14.505671428571437
1994-12-01,14.506842857142868
1995-01-01,14.498285714285723
1995-02-01,14.482714285714295
1995-03-01,14.460685714285725
1995-04-01,14.442585714285723
1995-05-01,14.428985714285725
1995-06-01,14.42965714285715
1995-07-01,14.443142857142865
1995-08-01,14.467914285714293
1995-09-01,14.499842857142868
1995-10-01,14.525857142857152
1995-11-01,14.540757142857151
1995-12-01,14.540642857142863
1996-01-01,14.523014285714293
1996-02-01,14.500257142857151
1996-03-01,14.47172857142858
1996-04-01,14.448314285714297
1996-05-01,14.431942857142868
1996-06-01,14.42924285714287
1996-07-01,14.4408142857143
1996-08-01,14.463971428571444
1996-09-01,14.490642857142873
1996-10-01,14.512614285714301
1996-11-01,14.526642857142873
1996-12-01,14.52662857142859
1997-01-01,14.514614285714304
1997-02-01,14.490314285714302
1997-03-01,14.464828571428587
1997-04-01,14.440000000000014
1997-05-01,14.4246142857143
1997-06-01,14.425371428571443
1997-07-01,14.435500000000015
1997-08-01,14.458957142857159
1997-09-01,14.490971428571441
1997-10-01,14.520485714285728
1997-11-01,14.537700000000015
1997-12-01,14.541414285714298
1998-01-01,14.532300000000014
1998-02-01,14.518300000000016
1998-03-01,14.4961142857143
1998-04-01,14.479485714285731
1998-05-01,14.474342857142874
1998-06-01,14.48232857142859
1998-07-01,14.503914285714304
1998-08-01,14.53585714285716
1998-09-01,14.571100000000017
1998-10-01,14.599571428571446
1998-11-01,14.615014285714304
1998-12-01,14.618914285714302
1999-01-01,14.608871428571446
1999-02-01,14.59172857142859
1999-03-01,14.565157142857164
1999-04-01,14.542514285714306
1999-05-01,14.529157142857164
1999-06-01,14.530828571428595
1999-07-01,14.544400000000023
1999-08-01,14.56744285714288
1999-09-01,14.60061428571431
1999-10-01,14.628000000000025
1999-11-01,14.643557142857166
1999-12-01,14.649657142857164
2000-01-01,14.63734285714288
2000-02-01,14.61764285714288
2000-03-01,14.59361428571431
2000-04-01,14.572257142857165
2000-05-01,14.559728571428593
2000-06-01,14.560957142857164
2000-07-01,14.572457142857166
2000-08-01,14.594914285714307
2000-09-01,14.623585714285737
2000-10-01,14.64710000000002
2000-11-01,14.658657142857162
2000-12-01,14.65325714285716
2001-01-01,14.641971428571447
2001-02-01,14.618985714285731
2001-03-01,14.595128571428589
2001-04-01,14.57250000000002
2001-05-01,14.559057142857162
2001-06-01,14.55772857142859
2001-07-01,14.570942857142876
2001-08-01,14.592485714285736
2001-09-01,14.621928571428594
2001-10-01,14.64941428571431
2001-11-01,14.669114285714308
2001-12-01,14.671057142857165
2002-01-01,14.663885714285733
2002-02-01,14.645900000000019
2002-03-01,14.627585714285734
2002-04-01,14.609285714285733
2002-05-01,14.599571428571448
2002-06-01,14.59850000000002
2002-07-01,14.613785714285735
2002-08-01,14.640914285714306
2002-09-01,14.672842857142879
2002-10-01,14.699942857142878
2002-11-01,14.71730000000002
2002-12-01,14.720057142857163
2003-01-01,14.71180000000002
2003-02-01,14.691614285714305
2003-03-01,14.666685714285736
2003-04-01,14.642757142857164
2003-05-01,14.632128571428591
2003-06-01,14.630985714285735
2003-07-01,14.641728571428596
2003-08-01,14.663200000000026
2003-09-01,14.691214285714311
2003-10-01,14.7176285714286
2003-11-01,14.730285714285742
2003-12-01,14.729614285714312
2004-01-01,14.7173285714286
2004-02-01,14.694428571428599
2004-03-01,14.665514285714314
2004-04-01,14.640071428571458
2004-05-01,14.621500000000031
2004-06-01,14.615314285714316
2004-07-01,14.622600000000029
2004-08-01,14.644328571428598
2004-09-01,14.673500000000029
2004-10-01,14.6983285714286
2004-11-01,14.715442857142884
2004-12-01,14.714128571428597
2005-01-01,14.708100000000027
2005-02-01,14.690142857142883
2005-03-01,14.669314285714309
2005-04-01,14.64977142857145
2005-05-01,14.63980000000002
2005-06-01,14.642828571428591
2005-07-01,14.65570000000002
2005-08-01,14.681185714285737
2005-09-01,14.714485714285736
2005-10-01,14.744485714285737
2005-11-01,14.76444285714288
2005-12-01,14.767614285714307
2006-01-01,14.756900000000021
2006-02-01,14.737814285714308
2006-03-01,14.714828571428594
2006-04-01,14.693085714285738
2006-05-01,14.681171428571455
2006-06-01,14.682242857142883
2006-07-01,14.69330000000003
2006-08-01,14.721914285714313
2006-09-01,14.754528571428601
2006-10-01,14.78480000000003
2006-11-01,14.80190000000003
2006-12-01,14.80745714285717
2007-01-01,14.801142857142885
2007-02-01,14.781600000000026
2007-03-01,14.755928571428598
2007-04-01,14.73621428571431
2007-05-01,14.723828571428596
2007-06-01,14.72401428571431
2007-07-01,14.736171428571451
2007-08-01,14.760057142857164
2007-09-01,14.78684285714288
2007-10-01,14.81152857142859
2007-11-01,14.823357142857162
2007-12-01,14.821014285714305
2008-01-01,14.800242857142875
2008-02-01,14.773885714285731
2008-03-01,14.746757142857161
2008-04-01,14.723014285714303
2008-05-01,14.708157142857157
2008-06-01,14.70568571428573
2008-07-01,14.714985714285726
2008-08-01,14.73514285714287
2008-09-01,14.764757142857155
2008-10-01,14.791928571428583
2008-11-01,14.804357142857153
2008-12-01,14.804771428571438
2009-01-01,14.794671428571437
2009-02-01,14.772257142857152
2009-03-01,14.74320000000001
2009-04-01,14.72130000000001
2009-05-01,14.70842857142858
2009-06-01,14.70722857142858
2009-07-01,14.71940000000001
2009-08-01,14.741328571428578
2009-09-01,14.772457142857151
2009-10-01,14.796642857142865
2009-11-01,14.812914285714292
2009-12-01,14.81425714285715
2010-01-01,14.805171428571432
2010-02-01,14.786371428571433
2010-03-01,14.766514285714289
2010-04-01,14.750100000000002
2010-05-01,14.743700000000002
2010-06-01,14.745128571428573
2010-07-01,14.756742857142857
2010-08-01,14.779557142857142
2010-09-01,14.807442857142856
2010-10-01,14.83537142857143
2010-11-01,14.849485714285716
2010-12-01,14.848457142857146
2011-01-01,14.834128571428577
2011-02-01,14.809600000000007
2011-03-01,14.782485714285722
2011-04-01,14.758571428571438
2011-05-01,14.743814285714292
2011-06-01,14.74258571428572
2011-07-01,14.753857142857148
2011-08-01,14.775600000000006
2011-09-01,14.801914285714293
2011-10-01,14.825600000000009
2011-11-01,14.838757142857153
2011-12-01,14.836671428571439
2012-01-01,14.82167142857144
2012-02-01,14.798585714285725
2012-03-01,14.770957142857151
2012-04-01,14.74811428571429
2012-05-01,14.738614285714288
2012-06-01,14.736185714285716
2012-07-01,14.745842857142858
2012-08-01,14.768285714285714
2012-09-01,14.797442857142856
2012-10-01,14.8227
2012-11-01,14.834342857142857
2012-12-01,14.832628571428573
2013-01-01,14.82134285714286
2013-02-01,14.795714285714286
2013-03-01,14.768171428571428
2013-04-01,14.744257142857142
2013-05-01,14.730271428571427
2013-06-01,14.7291
2013-07-01,14.739528571428572
2013-08-01,14.762685714285716
2013-09-01,14.793657142857146
2013-10-01,14.821442857142861
2013-11-01,14.843271428571432
2013-12-01,14.849157142857146
2014-01-01,14.83877142857143
2014-02-01,14.81668571428572
2014-03-01,14.792671428571436
2014-04-01,14.773357142857149
2014-05-01,14.76350000000001
2014-06-01,14.764514285714293
2014-07-01,14.773885714285724
2014-08-01,14.798300000000012
2014-09-01,14.829857142857154
2014-10-01,14.858685714285727
2014-11-01,14.871814285714299
2014-12-01,14.87557142857144
2015-01-01,14.868514285714296
2015-02-01,14.850057142857155
2015-03-01,14.826400000000012
2015-04-01,14.804485714285725
2015-05-01,14.79117142857144
2015-06-01,14.79057142857144
2015-07-01,14.801214285714297
2015-08-01,14.825185714285727
2015-09-01,14.854828571428584
2015-10-01,14.884371428571441
2015-11-01,14.901400000000013
2015-12-01,14.905900000000013
2016-01-01,14.898557142857157
2016-02-01,14.881642857142872
2016-03-01,14.861828571428587
2016-04-01,14.844514285714302
2016-05-01,14.836371428571445
2016-06-01,14.836600000000018
2016-07-01,14.84962857142859
2016-08-01,14.87568571428573
2016-09-01,14.905900000000017
2016-10-01,14.9366142857143
2016-11-01,14.955857142857157
2016-12-01,14.962128571428586
2017-01-01,14.955857142857157
2017-02-01,14.94054285714287
2017-03-01,14.922471428571443
2017-04-01,14.903485714285726
2017-05-01,14.891928571428585
2017-06-01,14.888985714285727
2017-07-01,14.902842857142872
2017-08-01,14.928028571428584
2017-09-01,14.959300000000013
2017-10-01,14.98845714285716
2017-11-01,15.00808571428573
2017-12-01,15.015300000000018
2018-01-01,15.00850000000002
2018-02-01,14.988728571428592
2018-03-01,14.963157142857163
2018-04-01,14.943114285714309
2018-05-01,14.932657142857167
2018-06-01,14.931700000000024
2018-07-01,14.942914285714311
2018-08-01,14.964514285714312
2018-09-01,14.992671428571455
2018-10-01,15.023528571428596
2018-11-01,15.038985714285738
2018-12-01,15.044842857142882
2019-01-01,15.036857142857167
2019-02-01,15.020014285714312
2019-03-01,15.000657142857174
2019-04-01,14.982628571428599
2019-05-01,14.973071428571455
2019-06-01,14.973571428571455
2019-07-01,14.986585714285743
2019-08-01,15.012742857142884
2019-09-01,15.042442857142886
2019-10-01,15.072928571428601
2019-11-01,15.090357142857172
2019-12-01,15.099200000000028
2020-01-01,15.0933285714286
2020-02-01,15.076742857142884
2020-03-01,15.053628571428597
2020-04-01,15.037242857142882
2020-05-01,15.029357142857167
2020-06-01,15.028028571428594
2020-07-01,15.039100000000024
2020-08-01,15.062471428571452
2020-09-01,15.09601428571431
2020-10-01,15.122800000000023
2020-11-01,15.140342857142882
2020-12-01,15.140557142857165
2021-01-01,15.128514285714306
2021-02-01,15.104385714285737
2021-03-01,15.077357142857165
2021-04-01,15.053885714285736
2021-05-01,15.041285714285738
2021-06-01,15.03914285714288
2021-07-01,15.050185714285735
2021-08-01,15.069428571428594
2021-09-01,15.097057142857167
2021-10-01,15.120328571428594
2021-11-01,15.130057142857167
2021-12-01,15.124385714285738
2022-01-01,15.10714285714288
2022-02-01,15.081142857142881
2022-03-01,15.054485714285738
2022-04-01,15.031657142857167
2022-05-01,15.01791428571431
2022-06-01,15.015142857142882
2022-07-01,15.02601428571431
2022-08-01,15.048171428571456
2022-09-01,15.07565714285717
2022-10-01,15.101614285714312
2022-11-01,15.110571428571454
2022-12-01,15.107528571428597
1901-02-01,13.887300000000009
1901-03-01,13.864171428571437
1901-04-01,13.843285714285722
1901-05-01,13.829571428571438
1901-06-01,13.828257142857153
1901-07-01,13.83970000000001
1901-08-01,13.861557142857151
1901-09-01,13.887514285714294
1901-10-01,13.91085714285715
1901-11-01,13.923642857142864
1901-12-01,13.922314285714293
1902-01-01,13.912842857142865
1902-02-01,13.895085714285724
1902-03-01,13.866771428571436
1902-04-01,13.84022857142858
1902-05-01,13.822057142857153
1902-06-01,13.816571428571438
1902-07-01,13.825442857142866
1902-08-01,13.843385714285724
1902-09-01,13.86965714285715
1902-10-01,13.889714285714293
1902-11-01,13.89935714285715
1902-12-01,13.895842857142865
1903-01-01,13.884200000000009
1903-02-01,13.861085714285721
1903-03-01,13.829742857142865
1903-04-01,13.801614285714294
1903-05-01,13.783328571428578
1903-06-01,13.776942857142865
1903-07-01,13.784528571428579
1903-08-01,13.80128571428572
1903-09-01,13.825357142857149
1903-10-01,13.84705714285715
1903-11-01,13.855671428571434
1903-12-01,13.854600000000007
1904-01-01,13.843528571428578
1904-02-01,13.817971428571434
1904-03-01,13.78808571428572
1904-04-01,13.759614285714292
1904-05-01,13.742314285714292
1904-06-01,13.738357142857149
1904-07-01,13.74765714285715
1904-08-01,13.769314285714293
1904-09-01,13.79611428571429
1904-10-01,13.819800000000006
1904-11-01,13.833114285714291
1904-12-01,13.83468571428572
1905-01-01,13.824200000000006
1905-02-01,13.796971428571435
1905-03-01,13.767900000000006
1905-04-01,13.743500000000008
1905-05-01,13.728614285714295
1905-06-01,13.724671428571437
1905-07-01,13.73262857142858
1905-08-01,13.751585714285723
1905-09-01,13.77422857142858
1905-10-01,13.799185714285723
1905-11-01,13.816485714285724
1905-12-01,13.814242857142867
1906-01-01,13.798771428571438
1906-02-01,13.77457142857144
1906-03-01,13.746928571428583
1906-04-01,13.724642857142868
1906-05-01,13.708685714285725
1906-06-01,13.705585714285725
1906-07-01,13.71377142857144
1906-08-01,13.731242857142869
1906-09-01,13.757300000000011
1906-10-01,13.780914285714298
1906-11-01,13.79350000000001
1906-12-01,13.793328571428583
1907-01-01,13.776185714285726
1907-02-01,13.748128571428582
1907-03-01,13.71932857142858
1907-04-01,13.694228571428582
1907-05-01,13.676728571428582
1907-06-01,13.671414285714295
1907-07-01,13.68087142857144
1907-08-01,13.70114285714287
1907-09-01,13.727528571428584
1907-10-01,13.753628571428584
1907-11-01,13.763957142857153
1907-12-01,13.759114285714295
1908-01-01,13.746957142857154
1908-02-01,13.725471428571439
1908-03-01,13.69540000000001
1908-04-01,13.670300000000008
1908-05-01,13.655657142857152
1908-06-01,13.653400000000008
1908-07-01,13.663914285714295
1908-08-01,13.684971428571439
1908-09-01,13.714457142857151
1908-10-01,13.739385714285723
1908-11-01,13.749185714285723
1908-12-01,13.743971428571436
1909-01-01,13.727457142857151
1909-02-01,13.706000000000008
1909-03-01,13.677757142857152
1909-04-01,13.653957142857154
1909-05-01,13.639414285714297
1909-06-01,13.639057142857155
1909-07-01,13.650757142857154
1909-08-01,13.675171428571439
1909-09-01,13.704314285714295
1909-10-01,13.730757142857152
1909-11-01,13.748285714285723
1909-12-01,13.751514285714297
1910-01-01,13.74330000000001
1910-02-01,13.723071428571439
1910-03-01,13.69622857142858
1910-04-01,13.67390000000001
1910-05-01,13.661628571428581
1910-06-01,13.661085714285724
1910-07-01,13.673985714285724
1910-08-01,13.696385714285723
1910-09-01,13.72217142857144
1910-10-01,13.74650000000001
1910-11-01,13.75700000000001
1910-12-01,13.756057142857152
1911-01-01,13.740757142857152
1911-02-01,13.715600000000007
1911-03-01,13.68382857142858
1911-04-01,13.65712857142858
1911-05-01,13.639342857142866
1911-06-01,13.634514285714294
1911-07-01,13.643200000000007
1911-08-01,13.662600000000007
1911-09-01,13.686085714285722
1911-10-01,13.71032857142858
1911-11-01,13.724314285714295
1911-12-01,13.725328571428578
1912-01-01,13.712457142857149
1912-02-01,13.688628571428577
1912-03-01,13.660214285714293
1912-04-01,13.637342857142864
1912-05-01,13.62415714285715
1912-06-01,13.623214285714292
1912-07-01,13.63235714285715
1912-08-01,13.649300000000009
1912-09-01,13.673400000000008
1912-10-01,13.692185714285722
1912-11-01,13.706142857142865
1912-12-01,13.70685714285715
1913-01-01,13.692814285714293
1913-02-01,13.669371428571434
1913-03-01,13.642614285714291
1913-04-01,13.62075714285715
1913-05-01,13.60625714285715
1913-06-01,13.603600000000005
1913-07-01,13.61395714285715
1913-08-01,13.634271428571433
1913-09-01,13.663700000000004
1913-10-01,13.69061428571429
1913-11-01,13.706800000000005
1913-12-01,13.711128571428576
1914-01-01,13.708471428571434
1914-02-01,13.69031428571429
1914-03-01,13.66391428571429
1914-04-01,13.641357142857148
1914-05-01,13.629200000000004
1914-06-01,13.63094285714286
1914-07-01,13.643671428571434
1914-08-01,13.669642857142861
1914-09-01,13.702371428571434
1914-10-01,13.734814285714291
1914-11-01,13.757385714285718
1914-12-01,13.762957142857147
1915-01-01,13.756185714285717
1915-02-01,13.740500000000003
1915-03-01,13.719728571428572
1915-04-01,13.703414285714288
1915-05-01,13.696614285714288
1915-06-01,13.69774285714286
1915-07-01,13.712371428571432
1915-08-01,13.738885714285717
1915-09-01,13.769214285714288
1915-10-01,13.797185714285716
1915-11-01,13.8152
1915-12-01,13.81907142857143
1916-01-01,13.811857142857145
1916-02-01,13.793200000000002
1916-03-01,13.767185714285716
1916-04-01,13.744657142857145
1916-05-01,13.73167142857143
1916-06-01,13.73047142857143
1916-07-01,13.742542857142858
1916-08-01,13.764885714285715
1916-09-01,13.796357142857143
1916-10-01,13.825557142857143
1916-11-01,13.841785714285713
1916-12-01,13.841057142857144
1917-01-01,13.829642857142858
1917-02-01,13.805314285714285
1917-03-01,13.776214285714284
1917-04-01,13.752614285714284
1917-05-01,13.737271428571427
1917-06-01,13.73562857142857
1917-07-01,13.748871428571428
1917-08-01,13.770542857142855
1917-09-01,13.79865714285714
1917-10-01,13.820942857142855
1917-11-01,13.832971428571428
1917-12-01,13.826871428571428
1918-01-01,13.814385714285713
1918-02-01,13.788385714285715
1918-03-01,13.758857142857144
1918-04-01,13.731942857142856
1918-05-01,13.717828571428571
1918-06-01,13.7183
1918-07-01,13.732757142857142
1918-08-01,13.758185714285716
1918-09-01,13.78924285714286
1918-10-01,13.820200000000003
1918-11-01,13.839257142857145
1918-12-01,13.842300000000003
1919-01-01,13.834457142857147
1919-02-01,13.814957142857146
1919-03-01,13.789714285714288
1919-04-01,13.771271428571431
1919-05-01,13.759100000000002
1919-06-01,13.757628571428574
1919-07-01,13.769128571428576
1919-08-01,13.790771428571432
1919-09-01,13.816642857142861
1919-10-01,13.837528571428576
1919-11-01,13.843871428571434
1919-12-01,13.840757142857148
1920-01-01,13.82998571428572
1920-02-01,13.80708571428572
1920-03-01,13.780971428571434
1920-04-01,13.757842857142862
1920-05-01,13.74374285714286
1920-06-01,13.741342857142861
1920-07-01,13.751885714285716
1920-08-01,13.77077142857143
1920-09-01,13.797900000000002
1920-10-01,13.822971428571432
1920-11-01,13.837171428571432
1920-12-01,13.83284285714286
1921-01-01,13.820057142857147
1921-02-01,13.79474285714286
1921-03-01,13.763514285714288
1921-04-01,13.73801428571429
1921-05-01,13.722257142857147
1921-06-01,13.719628571428578
1921-07-01,13.731171428571434
1921-08-01,13.753600000000004
1921-09-01,13.78101428571429
1921-10-01,13.808214285714289
1921-11-01,13.82314285714286
1921-12-01,13.824442857142861
1922-01-01,13.812028571428575
1922-02-01,13.789614285714292
1922-03-01,13.764928571428577
1922-04-01,13.744614285714292
1922-05-01,13.730500000000006
1922-06-01,13.730000000000008
1922-07-01,13.742642857142865
1922-08-01,13.765242857142866
1922-09-01,13.795300000000008
1922-10-01,13.82612857142858
1922-11-01,13.845842857142866
1922-12-01,13.853242857142867
1923-01-01,13.847885714285724
1923-02-01,13.827214285714295
1923-03-01,13.803314285714295
1923-04-01,13.782142857142867
1923-05-01,13.768071428571439
1923-06-01,13.767285714285725
1923-07-01,13.777300000000011
1923-08-01,13.800985714285725
1923-09-01,13.830014285714295
1923-10-01,13.863328571428582
1923-11-01,13.884371428571438
1923-12-01,13.892142857142867
1924-01-01,13.882957142857151
1924-02-01,13.864542857142865
1924-03-01,13.84195714285715
1924-04-01,13.820400000000008
1924-05-01,13.808685714285721
1924-06-01,13.808571428571435
1924-07-01,13.819285714285721
1924-08-01,13.837742857142864
1924-09-01,13.862985714285722
1924-10-01,13.887442857142865
1924-11-01,13.901300000000008
1924-12-01,13.89845714285715
1925-01-01,13.885185714285722
1925-02-01,13.858528571428579
1925-03-01,13.83095714285715
1925-04-01,13.808271428571436
1925-05-01,13.796800000000008
1925-06-01,13.796600000000007
1925-07-01,13.809000000000006
1925-08-01,13.83338571428572
1925-09-01,13.866028571428577
1925-10-01,13.895200000000006
1925-11-01,13.91295714285715
1925-12-01,13.920614285714292
1926-01-01,13.91398571428572
1926-02-01,13.895442857142863
1926-03-01,13.873000000000006
1926-04-01,13.851700000000006
1926-05-01,13.838614285714293
1926-06-01,13.838214285714296
1926-07-01,13.848557142857153
1926-08-01,13.870242857142866
1926-09-01,13.899585714285722
1926-10-01,13.930800000000009
1926-11-01,13.94612857142858
1926-12-01,13.946385714285723
1927-01-01,13.935400000000008
1927-02-01,13.915300000000009
1927-03-01,13.88745714285715
1927-04-01,13.863142857142865
1927-05-01,13.848514285714293
1927-06-01,13.84642857142858
1927-07-01,13.85642857142858
1927-08-01,13.876871428571436
1927-09-01,13.905585714285722
1927-10-01,13.932957142857152
1927-11-01,13.951200000000007
1927-12-01,13.95322857142858
1928-01-01,13.944600000000008
1928-02-01,13.923442857142865
1928-03-01,13.897614285714294
1928-04-01,13.874914285714292
1928-05-01,13.860271428571433
1928-06-01,13.858471428571434
1928-07-01,13.87128571428572
1928-08-01,13.894657142857149
1928-09-01,13.922428571428577
1928-10-01,13.948457142857148
1928-11-01,13.964271428571434
1928-12-01,13.96808571428572
1929-01-01,13.955157142857148
1929-02-01,13.929057142857147
1929-03-01,13.901114285714291
1929-04-01,13.87591428571429
1929-05-01,13.861128571428576
1929-06-01,13.858771428571432
1929-07-01,13.868514285714289
1929-08-01,13.888157142857146
1929-09-01,13.912457142857146
1929-10-01,13.935100000000004
1929-11-01,13.95141428571429
1929-12-01,13.947700000000005
1930-01-01,13.933485714285718
1930-02-01,13.911100000000005
1930-03-01,13.884985714285719
1930-04-01,13.862128571428576
1930-05-01,13.848428571428574
1930-06-01,13.848285714285717
1930-07-01,13.861600000000003
1930-08-01,13.886528571428576
1930-09-01,13.916128571428574
1930-10-01,13.946185714285718
1930-11-01,13.96718571428572
1930-12-01,13.973171428571433
1931-01-01,13.964900000000005
1931-02-01,13.943928571428575
1931-03-01,13.918000000000003
1931-04-01,13.895414285714288
1931-05-01,13.882228571428575
1931-06-01,13.881785714285718
1931-07-01,13.894871428571431
1931-08-01,13.91874285714286
1931-09-01,13.946228571428573
1931-10-01,13.970257142857145
1931-11-01,13.980771428571432
1931-12-01,13.980157142857147
1932-01-01,13.969085714285717
1932-02-01,13.945614285714287
1932-03-01,13.918357142857143
1932-04-01,13.897214285714286
1932-05-01,13.88487142857143
1932-06-01,13.882014285714288
1932-07-01,13.892428571428573
1932-08-01,13.911500000000002
1932-09-01,13.939428571428575
1932-10-01,13.965985714285717
1932-11-01,13.98007142857143
1932-12-01,13.980385714285717
1933-01-01,13.96967142857143
1933-02-01,13.946471428571432
1933-03-01,13.917385714285718
1933-04-01,13.893242857142859
1933-05-01,13.877400000000002
1933-06-01,13.873171428571432
1933-07-01,13.88171428571429
1933-08-01,13.900542857142861
1933-09-01,13.924842857142862
1933-10-01,13.95044285714286
1933-11-01,13.959814285714288
1933-12-01,13.955800000000002
1934-01-01,13.944114285714289
1934-02-01,13.923528571428575
1934-03-01,13.894628571428576
1934-04-01,13.87158571428572
1934-05-01,13.85801428571429
1934-06-01,13.857457142857148
1934-07-01,13.869900000000005
1934-08-01,13.891700000000005
1934-09-01,13.919228571428578
1934-10-01,13.945742857142864
1934-11-01,13.966442857142864
1934-12-01,13.97412857142858
1935-01-01,13.963271428571437
1935-02-01,13.947000000000008
1935-03-01,13.922671428571435
1935-04-01,13.900171428571436
1935-05-01,13.887200000000007
1935-06-01,13.88572857142858
1935-07-01,13.89765714285715
1935-08-01,13.918871428571437
1935-09-01,13.945671428571437
1935-10-01,13.97682857142858
1935-11-01,13.99040000000001
1935-12-01,13.991514285714295
1936-01-01,13.977442857142867
1936-02-01,13.953700000000008
1936-03-01,13.925714285714294
1936-04-01,13.901900000000008
1936-05-01,13.887414285714295
1936-06-01,13.88480000000001
1936-07-01,13.89620000000001
1936-08-01,13.917042857142867
1936-09-01,13.942271428571438
1936-10-01,13.968685714285725
1936-11-01,13.982871428571437
1936-12-01,13.986514285714295
1937-01-01,13.973814285714294
1937-02-01,13.954942857142866
1937-03-01,13.928000000000008
1937-04-01,13.904100000000009
1937-05-01,13.889642857142865
1937-06-01,13.888328571428579
1937-07-01,13.90022857142858
1937-08-01,13.922342857142866
1937-09-01,13.952628571428578
1937-10-01,13.979942857142865
1937-11-01,13.992942857142864
1937-12-01,13.994857142857152
1938-01-01,13.98625714285715
1938-02-01,13.964242857142864
1938-03-01,13.938785714285721
1938-04-01,13.918014285714293
1938-05-01,13.904271428571434
1938-06-01,13.903542857142863
1938-07-01,13.914071428571434
1938-08-01,13.93708571428572
1938-09-01,13.969100000000006
1938-10-01,13.998442857142862
1938-11-01,14.01685714285715
1938-12-01,14.019200000000007
1939-01-01,14.01235714285715
1939-02-01,13.993971428571436
1939-03-01,13.968571428571437
1939-04-01,13.949414285714292
1939-05-01,13.940371428571435
1939-06-01,13.942242857142864
1939-07-01,13.957442857142864
1939-08-01,13.982242857142863
1939-09-01,14.01388571428572
1939-10-01,14.043242857142863
1939-11-01,14.060414285714291
1939-12-01,14.067542857142863
1940-01-01,14.060871428571433
1940-02-01,14.044957142857147
1940-03-01,14.021014285714289
1940-04-01,14.000542857142861
1940-05-01,13.988171428571432
1940-06-01,13.98874285714286
1940-07-01,14.003885714285719
1940-08-01,14.027900000000002
1940-09-01,14.056271428571431
1940-10-01,14.082614285714287
1940-11-01,14.100357142857145
1940-12-01,14.10274285714286
1941-01-01,14.094171428571434
1941-02-01,14.07764285714286
1941-03-01,14.054171428571433
1941-04-01,14.033900000000003
1941-05-01,14.022028571428573
1941-06-01,14.023700000000003
1941-07-01,14.038642857142861
1941-08-01,14.061885714285717
1941-09-01,14.092700000000004
1941-10-01,14.123928571428575
1941-11-01,14.142942857142861
1941-12-01,14.150257142857148
1942-01-01,14.146128571428576
1942-02-01,14.127300000000005
1942-03-01,14.10401428571429
1942-04-01,14.083157142857148
1942-05-01,14.071100000000005
1942-06-01,14.07174285714286
1942-07-01,14.083557142857147
1942-08-01,14.103557142857147
1942-09-01,14.13171428571429
1942-10-01,14.15644285714286
1942-11-01,14.173457142857147
1942-12-01,14.17421428571429
1943-01-01,14.164871428571434
1943-02-01,14.14608571428572
1943-03-01,14.118985714285719
1943-04-01,14.096042857142862
1943-05-01,14.08178571428572
1943-06-01,14.07808571428572
1943-07-01,14.08828571428572
1943-08-01,14.109442857142863
1943-09-01,14.137128571428576
1943-10-01,14.166842857142862
1943-11-01,14.18251428571429
1943-12-01,14.186328571428579
1944-01-01,14.17905714285715
1944-02-01,14.160357142857151
1944-03-01,14.137971428571436
1944-04-01,14.118328571428579
1944-05-01,14.107271428571437
1944-06-01,14.107200000000008
1944-07-01,14.120171428571437
1944-08-01,14.14382857142858
1944-09-01,14.17458571428572
1944-10-01,14.20588571428572
1944-11-01,14.221000000000007
1944-12-01,14.222871428571436
1945-01-01,14.214942857142864
1945-02-01,14.192628571428578
1945-03-01,14.165471428571436
1945-04-01,14.143500000000008
1945-05-01,14.129814285714295
1945-06-01,14.128571428571437
1945-07-01,14.14005714285715
1945-08-01,14.166557142857151
1945-09-01,14.196871428571436
1945-10-01,14.219428571428578
1945-11-01,14.235185714285722
1945-12-01,14.232814285714293
1946-01-01,14.221014285714293
1946-02-01,14.197685714285722
1946-03-01,14.170642857142866
1946-04-01,14.148142857142865
1946-05-01,14.130642857142865
1946-06-01,14.124914285714294
1946-07-01,14.133914285714294
1946-08-01,14.153400000000008
1946-09-01,14.180671428571438
1946-10-01,14.203171428571437
1946-11-01,14.216214285714294
1946-12-01,14.21152857142858
1947-01-01,14.19920000000001
1947-02-01,14.175814285714296
1947-03-01,14.14930000000001
1947-04-01,14.125314285714294
1947-05-01,14.108371428571436
1947-06-01,14.105871428571438
1947-07-01,14.117957142857152
1947-08-01,14.134985714285724
1947-09-01,14.160471428571437
1947-10-01,14.183828571428581
1947-11-01,14.194142857142866
1947-12-01,14.193085714285724
1948-01-01,14.18120000000001
1948-02-01,14.156557142857151
1948-03-01,14.125114285714295
1948-04-01,14.098985714285723
1948-05-01,14.085514285714295
1948-06-01,14.08510000000001
1948-07-01,14.095585714285724
1948-08-01,14.116785714285726
1948-09-01,14.142485714285725
1948-10-01,14.165785714285724
1948-11-01,14.178228571428582
1948-12-01,14.173757142857152
1949-01-01,14.164528571428582
1949-02-01,14.139085714285724
1949-03-01,14.108842857142866
1949-04-01,14.085285714285723
1949-05-01,14.069242857142864
1949-06-01,14.063614285714294
1949-07-01,14.072471428571436
1949-08-01,14.089857142857152
1949-09-01,14.114114285714294
1949-10-01,14.13512857142858
1949-11-01,14.143000000000008
1949-12-01,14.138300000000008
1950-01-01,14.119857142857152
1950-02-01,14.09155714285715
1950-03-01,14.059871428571437
1950-04-01,14.03142857142858
1950-05-01,14.013242857142863
1950-06-01,14.007385714285721
1950-07-01,14.014671428571436
1950-08-01,14.030671428571436
1950-09-01,14.055000000000009
1950-10-01,14.077000000000007
1950-11-01,14.085242857142864
1950-12-01,14.083942857142866
1951-01-01,14.067528571428578
1951-02-01,14.037685714285724
1951-03-01,14.007585714285723
1951-04-01,13.981985714285724
1951-05-01,13.968228571428583
1951-06-01,13.96400000000001
1951-07-01,13.973657142857153
1951-08-01,13.994885714285724
1951-09-01,14.023300000000011
1951-10-01,14.051900000000012
1951-11-01,14.065714285714298
1951-12-01,14.06927142857144
1952-01-01,14.060357142857155
1952-02-01,14.039157142857155
1952-03-01,14.01244285714287
1952-04-01,13.992485714285726
1952-05-01,13.979700000000012
1952-06-01,13.980914285714299
1952-07-01,13.994600000000013
1952-08-01,14.0173142857143
1952-09-01,14.04737142857144
1952-10-01,14.077500000000013
1952-11-01,14.09167142857144
1952-12-01,14.093985714285727
1953-01-01,14.083000000000013
1953-02-01,14.063585714285727
1953-03-01,14.039628571428585
1953-04-01,14.019628571428585
1953-05-01,14.009157142857157
1953-06-01,14.012171428571444
1953-07-01,14.026171428571443
1953-08-01,14.048785714285728
1953-09-01,14.078228571428584
1953-10-01,14.105957142857156
1953-11-01,14.117942857142868
1953-12-01,14.122557142857154
1954-01-01,14.111557142857153
1954-02-01,14.090328571428582
1954-03-01,14.06187142857144
1954-04-01,14.036600000000012
1954-05-01,14.021814285714298
1954-06-01,14.019828571428583
1954-07-01,14.030700000000014
1954-08-01,14.052385714285728
1954-09-01,14.081800000000014
1954-10-01,14.110657142857155
1954-11-01,14.124728571428584
1954-12-01,14.126271428571442
1955-01-01,14.119542857142871
1955-02-01,14.097085714285727
1955-03-01,14.066914285714299
1955-04-01,14.0430142857143
1955-05-01,14.027485714285728
1955-06-01,14.025085714285728
1955-07-01,14.035728571428585
1955-08-01,14.0583142857143
1955-09-01,14.0852142857143
1955-10-01,14.1114142857143
1955-11-01,14.12674285714287
1955-12-01,14.128100000000014
1956-01-01,14.117285714285728
1956-02-01,14.095585714285727
1956-03-01,14.066228571428585
1956-04-01,14.03908571428573
1956-05-01,14.02128571428573
1956-06-01,14.0191142857143
1956-07-01,14.030500000000012
1956-08-01,14.050342857142871
1956-09-01,14.079657142857156
1956-10-01,14.104085714285729
1956-11-01,14.119514285714299
1956-12-01,14.124185714285726
1957-01-01,14.113457142857156
1957-02-01,14.09207142857144
1957-03-01,14.062557142857154
1957-04-01,14.037471428571441
1957-05-01,14.02367142857144
1957-06-01,14.022000000000013
1957-07-01,14.031642857142868
1957-08-01,14.053000000000011
1957-09-01,14.08164285714287
1957-10-01,14.104500000000012
1957-11-01,14.117357142857154
1957-12-01,14.118742857142868
1958-01-01,14.112914285714297
1958-02-01,14.093300000000012
1958-03-01,14.066757142857155
1958-04-01,14.042342857142868
1958-05-01,14.02760000000001
1958-06-01,14.024128571428582
1958-07-01,14.034171428571439
1958-08-01,14.053957142857152
1958-09-01,14.082285714285726
1958-10-01,14.106914285714296
1958-11-01,14.120957142857153
1958-12-01,14.119585714285725
1959-01-01,14.107085714285724
1959-02-01,14.082471428571438
1959-03-01,14.054400000000008
1959-04-01,14.02962857142858
1959-05-01,14.014671428571436
1959-06-01,14.012428571428579
1959-07-01,14.022742857142866
1959-08-01,14.043285714285723
1959-09-01,14.071457142857152
1959-10-01,14.094257142857153
1959-11-01,14.108714285714296
1959-12-01,14.109857142857154
1960-01-01,14.09860000000001
1960-02-01,14.079285714285724
1960-03-01,14.048728571428581
1960-04-01,14.02387142857144
1960-05-01,14.009414285714294
1960-06-01,14.008171428571437
1960-07-01,14.019671428571437
1960-08-01,14.041657142857153
1960-09-01,14.06900000000001
1960-10-01,14.096071428571438
1960-11-01,14.10590000000001
1960-12-01,14.109785714285726
1961-01-01,14.103142857142869
1961-02-01,14.087157142857155
1961-03-01,14.06440000000001
1961-04-01,14.043814285714296
1961-05-01,14.03347142857144
1961-06-01,14.033042857142867
1961-07-01,14.046828571428582
1961-08-01,14.069857142857154
1961-09-01,14.100228571428584
1961-10-01,14.12824285714287
1961-11-01,14.14404285714287
1961-12-01,14.1459142857143
1962-01-01,14.138600000000013
1962-02-01,14.12234285714287
1962-03-01,14.099685714285727
1962-04-01,14.078200000000011
1962-05-01,14.064257142857155
1962-06-01,14.066200000000011
1962-07-01,14.080042857142868
1962-08-01,14.103857142857153
1962-09-01,14.133028571428582
1962-10-01,14.159171428571439
1962-11-01,14.174785714285724
1962-12-01,14.176042857142866
1963-01-01,14.165757142857153
1963-02-01,14.14637142857144
1963-03-01,14.115857142857152
1963-04-01,14.088114285714296
1963-05-01,14.071885714285724
1963-06-01,14.06737142857144
1963-07-01,14.07820000000001
1963-08-01,14.102171428571438
1963-09-01,14.131414285714294
1963-10-01,14.15660000000001
1963-11-01,14.167771428571438
1963-12-01,14.165414285714295
1964-01-01,14.15270000000001
1964-02-01,14.128857142857152
1964-03-01,14.097314285714296
1964-04-01,14.06972857142858
1964-05-01,14.051057142857154
1964-06-01,14.04887142857144
1964-07-01,14.058757142857154
1964-08-01,14.076857142857154
1964-09-01,14.099500000000011
1964-10-01,14.119785714285726
1964-11-01,14.12937142857144
1964-12-01,14.125700000000013
1965-01-01,14.1115142857143
1965-02-01,14.085185714285728
1965-03-01,14.05438571428573
1965-04-01,14.025900000000014
1965-05-01,14.009500000000013
1965-06-01,14.006842857142873
1965-07-01,14.016400000000017
1965-08-01,14.03745714285716
1965-09-01,14.065771428571445
1965-10-01,14.091300000000018
1965-11-01,14.10455714285716
1965-12-01,14.104114285714303
1966-01-01,14.095900000000018
1966-02-01,14.075471428571447
1966-03-01,14.049871428571446
1966-04-01,14.026071428571447
1966-05-01,14.010485714285732
1966-06-01,14.007471428571447
1966-07-01,14.01872857142859
1966-08-01,14.040000000000019
1966-09-01,14.070057142857161
1966-10-01,14.092342857142874
1966-11-01,14.105100000000018
1966-12-01,14.101371428571447
1967-01-01,14.08752857142859
1967-02-01,14.062100000000019
1967-03-01,14.033285714285732
1967-04-01,14.00720000000002
1967-05-01,13.994628571428592
1967-06-01,13.991985714285732
1967-07-01,14.003085714285731
1967-08-01,14.024342857142875
1967-09-01,14.051285714285733
1967-10-01,14.078785714285733
1967-11-01,14.091428571428589
1967-12-01,14.089728571428589
1968-01-01,14.074871428571447
1968-02-01,14.051500000000019
1968-03-01,14.02762857142859
1968-04-01,14.003214285714304
1968-05-01,13.987357142857162
1968-06-01,13.985857142857162
1968-07-01,13.99540000000002
1968-08-01,14.015114285714304
1968-09-01,14.040542857142876
1968-10-01,14.067100000000018
1968-11-01,14.082442857142874
1968-12-01,14.08112857142859
1969-01-01,14.07045714285716
1969-02-01,14.048728571428589
1969-03-01,14.024342857142875
1969-04-01,14.004000000000017
1969-05-01,13.991471428571447
1969-06-01,13.988671428571447
1969-07-01,13.996414285714303
1969-08-01,14.015814285714303
1969-09-01,14.042142857142874
1969-10-01,14.067942857142874
1969-11-01,14.083885714285731
1969-12-01,14.088885714285732
1970-01-01,14.082800000000017
1970-02-01,14.068642857142875
1970-03-01,14.046042857142874
1970-04-01,14.02485714285716
1970-05-01,14.012957142857157
1970-06-01,14.014114285714301
1970-07-01,14.028400000000016
1970-08-01,14.052642857142873
1970-09-01,14.084900000000014
1970-10-01,14.114471428571441
1970-11-01,14.128957142857157
1970-12-01,14.130928571428583
1971-01-01,14.122742857142867
1971-02-01,14.101771428571439
1971-03-01,14.072814285714296
1971-04-01,14.048357142857153
1971-05-01,14.034757142857153
1971-06-01,14.032171428571438
1971-07-01,14.043471428571438
1971-08-01,14.063128571428582
1971-09-01,14.090942857142867
1971-10-01,14.114171428571439
1971-11-01,14.129457142857152
1971-12-01,14.12917142857144
1972-01-01,14.114285714285726
1972-02-01,14.090514285714297
1972-03-01,14.064914285714297
1972-04-01,14.041700000000011
1972-05-01,14.026485714285725
1972-06-01,14.02542857142858
1972-07-01,14.035814285714295
1972-08-01,14.059971428571439
1972-09-01,14.08800000000001
1972-10-01,14.115171428571438
1972-11-01,14.130857142857153
1972-12-01,14.136871428571437
1973-01-01,14.12860000000001
1973-02-01,14.111685714285722
1973-03-01,14.086314285714293
1973-04-01,14.066914285714294
1973-05-01,14.055957142857151
1973-06-01,14.057257142857152
1973-07-01,14.069842857142865
1973-08-01,14.091342857142866
1973-09-01,14.120271428571437
1973-10-01,14.147414285714293
1973-11-01,14.165185714285721
1973-12-01,14.167771428571436
1974-01-01,14.151700000000007
1974-02-01,14.126842857142863
1974-03-01,14.10005714285715
1974-04-01,14.076057142857149
1974-05-01,14.063142857142862
1974-06-01,14.062885714285722
1974-07-01,14.075728571428579
1974-08-01,14.097414285714294
1974-09-01,14.123314285714294
1974-10-01,14.147128571428578
1974-11-01,14.16165714285715
1974-12-01,14.163028571428578
1975-01-01,14.15198571428572
1975-02-01,14.128742857142864
1975-03-01,14.100800000000007
1975-04-01,14.075842857142865
1975-05-01,14.063800000000008
1975-06-01,14.061357142857151
1975-07-01,14.071671428571436
1975-08-01,14.090285714285722
1975-09-01,14.11595714285715
1975-10-01,14.137542857142865
1975-11-01,14.146900000000008
1975-12-01,14.142471428571437
1976-01-01,14.129671428571434
1976-02-01,14.104700000000008
1976-03-01,14.073400000000008
1976-04-01,14.048585714285721
1976-05-01,14.031514285714293
1976-06-01,14.02858571428572
1976-07-01,14.038028571428578
1976-08-01,14.057271428571434
1976-09-01,14.084642857142862
1976-10-01,14.108300000000007
1976-11-01,14.122114285714293
1976-12-01,14.128271428571436
1977-01-01,14.122471428571437
1977-02-01,14.106000000000007
1977-03-01,14.084328571428578
1977-04-01,14.066500000000008
1977-05-01,14.05792857142858
1977-06-01,14.062171428571437
1977-07-01,14.077014285714293
1977-08-01,14.103000000000007
1977-09-01,14.132928571428579
1977-10-01,14.161228571428579
1977-11-01,14.182442857142865
1977-12-01,14.186514285714292
1978-01-01,14.17665714285715
1978-02-01,14.15715714285715
1978-03-01,14.132457142857152
1978-04-01,14.110285714285725
1978-05-01,14.097842857142867
1978-06-01,14.094785714285724
1978-07-01,14.106957142857151
1978-08-01,14.125942857142865
1978-09-01,14.154171428571438
1978-10-01,14.176300000000008
1978-11-01,14.189471428571435
1978-12-01,14.18775714285715
1979-01-01,14.17465714285715
1979-02-01,14.149542857142864
1979-03-01,14.122028571428578
1979-04-01,14.099042857142862
1979-05-01,14.08508571428572
1979-06-01,14.084671428571435
1979-07-01,14.096557142857149
1979-08-01,14.119042857142865
1979-09-01,14.149300000000007
1979-10-01,14.177500000000006
1979-11-01,14.198857142857149
1979-12-01,14.210842857142865
1980-01-01,14.206142857142863
1980-02-01,14.191028571428577
1980-03-01,14.169357142857148
1980-04-01,14.15141428571429
1980-05-01,14.142500000000004
1980-06-01,14.142485714285717
1980-07-01,14.15851428571429
1980-08-01,14.185014285714288
1980-09-01,14.216428571428574
1980-10-01,14.24411428571429
1980-11-01,14.261385714285717
1980-12-01,14.264257142857145
1981-01-01,14.257571428571431
1981-02-01,14.239957142857145
1981-03-01,14.216785714285717
1981-04-01,14.196357142857146
1981-05-01,14.185500000000003
1981-06-01,14.190885714285718
1981-07-01,14.207414285714291
1981-08-01,14.235357142857149
1981-09-01,14.269600000000004
1981-10-01,14.298757142857148
1981-11-01,14.316000000000004
1981-12-01,14.324700000000005
1982-01-01,14.318814285714291
1982-02-01,14.300414285714291
1982-03-01,14.276800000000007
1982-04-01,14.257671428571436
1982-05-01,14.246714285714292
1982-06-01,14.24808571428572
1982-07-01,14.261814285714292
1982-08-01,14.287242857142862
1982-09-01,14.317071428571435
1982-10-01,14.341728571428577
1982-11-01,14.355600000000006
1982-12-01,14.358414285714291
1983-01-01,14.350014285714291
1983-02-01,14.330800000000005
1983-03-01,14.304442857142863
1983-04-01,14.280657142857146
1983-05-01,14.268657142857146
1983-06-01,14.267271428571433
1983-07-01,14.279257142857146
1983-08-01,14.303814285714289
1983-09-01,14.33337142857143
1983-10-01,14.36037142857143
1983-11-01,14.37737142857143
1983-12-01,14.378257142857144
1984-01-01,14.367142857142857
1984-02-01,14.345157142857142
1984-03-01,14.320314285714286
1984-04-01,14.29857142857143
1984-05-01,14.287600000000003
1984-06-01,14.288814285714288
1984-07-01,14.29971428571429
1984-08-01,14.323028571428576
1984-09-01,14.35071428571429
1984-10-01,14.374642857142863
1984-11-01,14.386528571428576
1984-12-01,14.385557142857149
1985-01-01,14.37411428571429
1985-02-01,14.349471428571434
1985-03-01,14.323857142857149
1985-04-01,14.300400000000007
1985-05-01,14.287100000000006
1985-06-01,14.284971428571435
1985-07-01,14.29305714285715
1985-08-01,14.314414285714292
1985-09-01,14.339757142857149
1985-10-01,14.359914285714291
1985-11-01,14.370385714285721
1985-12-01,14.367614285714293
1986-01-01,14.355485714285722
1986-02-01,14.333571428571437
1986-03-01,14.30552857142858
1986-04-01,14.28215714285715
1986-05-01,14.266285714285722
1986-06-01,14.26212857142858
1986-07-01,14.271685714285724
1986-08-01,14.293514285714293
1986-09-01,14.317614285714294
1986-10-01,14.34142857142858
1986-11-01,14.350142857142865
1986-12-01,14.34805714285715
1987-01-01,14.335114285714294
1987-02-01,14.31625714285715
1987-03-01,14.289171428571436
1987-04-01,14.264128571428579
1987-05-01,14.248571428571434
1987-06-01,14.246114285714292
1987-07-01,14.259171428571435
1987-08-01,14.282500000000006
1987-09-01,14.313142857142862
1987-10-01,14.33658571428572
1987-11-01,14.352528571428577
1987-12-01,14.358071428571435
1988-01-01,14.35408571428572
1988-02-01,14.334957142857148
1988-03-01,14.311742857142862
1988-04-01,14.292700000000005
1988-05-01,14.281385714285719
1988-06-01,14.283828571428577
1988-07-01,14.296728571428577
1988-08-01,14.321371428571435
1988-09-01,14.351842857142863
1988-10-01,14.375800000000005
1988-11-01,14.38521428571429
1988-12-01,14.383328571428576
1989-01-01,14.36868571428572
1989-02-01,14.34648571428572
1989-03-01,14.318771428571434
1989-04-01,14.29535714285715
1989-05-01,14.280214285714292
1989-06-01,14.275871428571435
1989-07-01,14.285571428571435
1989-08-01,14.308028571428578
1989-09-01,14.335171428571435
1989-10-01,14.361700000000006
1989-11-01,14.375828571428578
1989-12-01,14.380642857142865
1990-01-01,14.37145714285715
1990-02-01,14.353400000000008
1990-03-01,14.331914285714292
1990-04-01,14.31458571428572
1990-05-01,14.305000000000005
1990-06-01,14.30648571428572
1990-07-01,14.320328571428577
1990-08-01,14.345542857142863
1990-09-01,14.377057142857149
1990-10-01,14.409200000000007
1990-11-01,14.426585714285721
1990-12-01,14.433542857142864
1991-01-01,14.425585714285722
1991-02-01,14.408714285714293
1991-03-01,14.384100000000005
1991-04-01,14.365857142857148
1991-05-01,14.35658571428572
1991-06-01,14.358771428571433
1991-07-01,14.374828571428576
1991-08-01,14.39948571428572
1991-09-01,14.430814285714291
1991-10-01,14.458285714285719
1991-11-01,14.473000000000004
1991-12-01,14.473242857142859
1992-01-01,14.46541428571429
1992-02-01,14.446600000000004
1992-03-01,14.422857142857149
1992-04-01,14.401757142857148
1992-05-01,14.39048571428572
1992-06-01,14.390471428571434
1992-07-01,14.401528571428578
1992-08-01,14.422357142857148
1992-09-01,14.448542857142861
1992-10-01,14.472785714285719
1992-11-01,14.483157142857149
1992-12-01,14.480928571428578
1993-01-01,14.472471428571433
1993-02-01,14.452571428571433
1993-03-01,14.427314285714289
1993-04-01,14.402942857142861
1993-05-01,14.386771428571432
1993-06-01,14.38474285714286
1993-07-01,14.394057142857147
1993-08-01,14.413057142857147
1993-09-01,14.439528571428577
1993-10-01,14.461328571428576
1993-11-01,14.469485714285717
1993-12-01,14.468871428571433
1994-01-01,14.454700000000003
1994-02-01,14.427757142857146
1994-03-01,14.401185714285717
1994-04-01,14.377357142857145
1994-05-01,14.363857142857144
1994-06-01,14.362742857142859
1994-07-01,14.372828571428574
1994-08-01,14.393085714285718
1994-09-01,14.422471428571432
1994-10-01,14.449414285714289
1994-11-01,14.467985714285716
1994-12-01,14.470085714285716
1995-01-01,14.461914285714288
1995-02-01,14.44654285714286
1995-03-01,14.424000000000003
1995-04-01,14.403828571428573
1995-05-01,14.389885714285716
1995-06-01,14.390414285714288
1995-07-01,14.404242857142862
1995-08-01,14.428414285714288
1995-09-01,14.457885714285716
1995-10-01,14.482928571428573
1995-11-01,14.4968
1995-12-01,14.495442857142859
1996-01-01,14.477714285714288
1996-02-01,14.455342857142861
1996-03-01,14.427157142857148
1996-04-01,14.402857142857146
1996-05-01,14.387400000000003
1996-06-01,14.38497142857143
1996-07-01,14.396800000000002
1996-08-01,14.417885714285717
1996-09-01,14.442514285714289
1996-10-01,14.463928571428575
1996-11-01,14.476142857142861
1996-12-01,14.475371428571433
1997-01-01,14.464328571428576
1997-02-01,14.441500000000005
1997-03-01,14.41614285714286
1997-04-01,14.391357142857146
1997-05-01,14.375685714285716
1997-06-01,14.376757142857144
1997-07-01,14.388885714285715
1997-08-01,14.412500000000001
1997-09-01,14.44377142857143
1997-10-01,14.473114285714288
1997-11-01,14.489285714285716
1997-12-01,14.49251428571429
1998-01-01,14.483971428571433
1998-02-01,14.471000000000002
1998-03-01,14.448228571428574
1998-04-01,14.430471428571432
1998-05-01,14.424557142857147
1998-06-01,14.431157142857147
1998-07-01,14.452185714285719
1998-08-01,14.482257142857145
1998-09-01,14.515857142857147
1998-10-01,14.543957142857145
1998-11-01,14.557485714285718
1998-12-01,14.560642857142861
1999-01-01,14.550414285714291
1999-02-01,14.533871428571436
1999-03-01,14.507985714285722
1999-04-01,14.485700000000007
1999-05-01,14.47188571428572
1999-06-01,14.47318571428572
1999-07-01,14.486128571428578
1999-08-01,14.508271428571437
1999-09-01,14.539585714285723
1999-10-01,14.565757142857153
1999-11-01,14.580757142857152
1999-12-01,14.58680000000001
2000-01-01,14.573871428571438
2000-02-01,14.553942857142866
2000-03-01,14.528814285714295
2000-04-01,14.506871428571438
2000-05-01,14.493685714285725
2000-06-01,14.493928571428581
2000-07-01,14.505314285714295
2000-08-01,14.526785714285724
2000-09-01,14.55347142857144
2000-10-01,14.576814285714297
2000-11-01,14.588014285714296
2000-12-01,14.582771428571439
2001-01-01,14.571571428571442
2001-02-01,14.550400000000016
2001-03-01,14.527985714285728
2001-04-01,14.506271428571441
2001-05-01,14.492742857142868
2001-06-01,14.491457142857154
2001-07-01,14.504957142857155
2001-08-01,14.52710000000001
2001-09-01,14.556057142857153
2001-10-01,14.583485714285723
2001-11-01,14.603342857142865
2001-12-01,14.604914285714292
2002-01-01,14.599685714285718
2002-02-01,14.583900000000002
2002-03-01,14.564557142857145
2002-04-01,14.54577142857143
2002-05-01,14.5353
2002-06-01,14.534885714285714
2002-07-01,14.550928571428571
2002-08-01,14.577085714285712
2002-09-01,14.608928571428569
2002-10-01,14.635685714285716
2002-11-01,14.652114285714287
2002-12-01,14.652857142857147
2003-01-01,14.644771428571431
2003-02-01,14.626100000000005
2003-03-01,14.602157142857147
2003-04-01,14.578228571428575
2003-05-01,14.565842857142862
2003-06-01,14.564328571428575
2003-07-01,14.574971428571432
2003-08-01,14.595771428571434
2003-09-01,14.622857142857146
2003-10-01,14.64838571428572
2003-11-01,14.660814285714293
2003-12-01,14.659171428571435
2004-01-01,14.647742857142864
2004-02-01,14.62678571428572
2004-03-01,14.599342857142863
2004-04-01,14.574628571428576
2004-05-01,14.555914285714293
2004-06-01,14.549871428571436
2004-07-01,14.558900000000005
2004-08-01,14.580557142857149
2004-09-01,14.61048571428572
2004-10-01,14.63581428571429
2004-11-01,14.653042857142859
2004-12-01,14.65124285714286
2005-01-01,14.644500000000003
2005-02-01,14.625485714285716
2005-03-01,14.604642857142858
2005-04-01,14.585471428571429
2005-05-01,14.5752
2005-06-01,14.57827142857143
2005-07-01,14.592557142857144
2005-08-01,14.617357142857141
2005-09-01,14.649757142857142
2005-10-01,14.678557142857143
2005-11-01,14.69822857142857
2005-12-01,14.7006
2006-01-01,14.68932857142857
2006-02-01,14.669471428571429
2006-03-01,14.64562857142857
2006-04-01,14.623457142857141
2006-05-01,14.610771428571427
2006-06-01,14.611928571428573
2006-07-01,14.624942857142859
2006-08-01,14.65244285714286
2006-09-01,14.683857142857148
2006-10-01,14.713400000000005
2006-11-01,14.72921428571429
2006-12-01,14.733842857142859
2007-01-01,14.726585714285715
2007-02-01,14.706028571428575
2007-03-01,14.680200000000005
2007-04-01,14.659071428571432
2007-05-01,14.646028571428575
2007-06-01,14.645542857142859
2007-07-01,14.657657142857143
2007-08-01,14.680085714285715
2007-09-01,14.705642857142857
2007-10-01,14.730442857142855
2007-11-01,14.74072857142857
2007-12-01,14.736528571428572
2008-01-01,14.7168
2008-02-01,14.690942857142858
2008-03-01,14.66535714285714
2008-04-01,14.641585714285712
2008-05-01,14.625657142857138
2008-06-01,14.62328571428571
2008-07-01,14.633742857142854
2008-08-01,14.654471428571426
2008-09-01,14.682285714285712
2008-10-01,14.709671428571424
2008-11-01,14.721699999999997
2008-12-01,14.720157142857138
2009-01-01,14.708757142857138
2009-02-01,14.686699999999997
2009-03-01,14.659142857142855
2009-04-01,14.636942857142857
2009-05-01,14.623385714285716
2009-06-01,14.622714285714288
2009-07-01,14.63511428571429
2009-08-01,14.656557142857148
2009-09-01,14.686585714285716
2009-10-01,14.70961428571429
2009-11-01,14.724100000000002
2009-12-01,14.72281428571429
2010-01-01,14.712442857142861
2010-02-01,14.692914285714291
2010-03-01,14.672457142857148
2010-04-01,14.654728571428576
2010-05-01,14.64624285714286
2010-06-01,14.647071428571433
2010-07-01,14.659471428571432
2010-08-01,14.681671428571434
2010-09-01,14.707500000000005
2010-10-01,14.734442857142861
2010-11-01,14.747985714285717
2010-12-01,14.746800000000004
2011-01-01,14.731571428571433
2011-02-01,14.706471428571431
2011-03-01,14.678457142857146
2011-04-01,14.654228571428575
2011-05-01,14.638557142857147
2011-06-01,14.637571428571434
2011-07-01,14.648942857142863
2011-08-01,14.670300000000005
2011-09-01,14.696000000000003
2011-10-01,14.72001428571429
2011-11-01,14.733585714285717
2011-12-01,14.73192857142857
2012-01-01,14.717428571428568
2012-02-01,14.694542857142856
2012-03-01,14.668414285714286
2012-04-01,14.645271428571426
2012-05-01,14.63375714285714
2012-06-01,14.63188571428571
2012-07-01,14.643228571428569
2012-08-01,14.66535714285714
2012-09-01,14.694099999999997
2012-10-01,14.71858571428571
2012-11-01,14.729028571428566
2012-12-01,14.726571428571424
2013-01-01,14.715199999999994
2013-02-01,14.692342857142853
2013-03-01,14.66491428571428
2013-04-01,14.640557142857139
2013-05-01,14.626485714285709
2013-06-01,14.626557142857138
2013-07-01,14.63878571428571
2013-08-01,14.662514285714282
2013-09-01,14.692957142857137
2013-10-01,14.720642857142849
2013-11-01,14.742299999999993
2013-12-01,14.747199999999992
2014-01-01,14.735357142857135
2014-02-01,14.712742857142848
2014-03-01,14.688842857142848
2014-04-01,14.669499999999994
2014-05-01,14.658471428571422
2014-06-01,14.66001428571428
2014-07-01,14.671942857142852
2014-08-01,14.696157142857137
2014-09-01,14.726642857142851
2014-10-01,14.755057142857137
2014-11-01,14.768785714285709
2014-12-01,14.772371428571423
2015-01-01,14.764757142857135
2015-02-01,14.746428571428561
2015-03-01,14.723414285714275
2015-04-01,14.70112857142856
2015-05-01,14.688185714285705
2015-06-01,14.688528571428563
2015-07-01,14.700699999999992
2015-08-01,14.72527142857142
2015-09-01,14.75587142857142
2015-10-01,14.78607142857142
2015-11-01,14.80319999999999
2015-12-01,14.808571428571417
2016-01-01,14.800171428571417
2016-02-01,14.783685714285705
2016-03-01,14.763857142857134
2016-04-01,14.746128571428562
2016-05-01,14.735742857142847
2016-06-01,14.73629999999999
2016-07-01,14.75057142857142
2016-08-01,14.776742857142844
2016-09-01,14.806942857142845
2016-10-01,14.836714285714272
2016-11-01,14.854771428571416
2016-12-01,14.860314285714276
2017-01-01,14.854685714285704
2017-02-01,14.839314285714275
2017-03-01,14.82049999999999
2017-04-01,14.800828571428562
2017-05-01,14.789128571428563
2017-06-01,14.787528571428561
2017-07-01,14.802042857142848
2017-08-01,14.827414285714278
2017-09-01,14.859085714285706
2017-10-01,14.888157142857134
2017-11-01,14.907014285714279
2017-12-01,14.91287142857142
2018-01-01,14.904628571428562
2018-02-01,14.88354285714285
2018-03-01,14.858371428571422
2018-04-01,14.837128571428565
2018-05-01,14.82537142857142
2018-06-01,14.825028571428565
2018-07-01,14.837271428571421
2018-08-01,14.859528571428568
2018-09-01,14.887899999999997
2018-10-01,14.918871428571425
2018-11-01,14.934414285714281
2018-12-01,14.938157142857136
2019-01-01,14.931228571428568
2019-02-01,14.91458571428571
2019-03-01,14.894414285714285
2019-04-01,14.874899999999998
2019-05-01,14.863271428571426
2019-06-01,14.862985714285713
2019-07-01,14.8767
2019-08-01,14.902099999999999
2019-09-01,14.930814285714284
2019-10-01,14.960400000000002
2019-11-01,14.97757142857143
2019-12-01,14.986700000000003
2020-01-01,14.98168571428572
2020-02-01,14.965342857142861
2020-03-01,14.942957142857146
2020-04-01,14.92438571428572
2020-05-01,14.914428571428578
2020-06-01,14.913342857142867
2020-07-01,14.92565714285715
2020-08-01,14.949757142857152
2020-09-01,14.981985714285722
2020-10-01,15.00758571428572
2020-11-01,15.023485714285721
2020-12-01,15.022400000000006
2021-01-01,15.009200000000007
2021-02-01,14.984914285714291
2021-03-01,14.957957142857147
2021-04-01,14.933428571428573
2021-05-01,14.919100000000004
2021-06-01,14.916928571428578
2021-07-01,14.92805714285715
2021-08-01,14.947757142857148
2021-09-01,14.97445714285715
2021-10-01,14.996700000000006
2021-11-01,15.007785714285719
2021-12-01,15.002800000000006
2022-01-01,14.986171428571433
2022-02-01,14.960428571428578
2022-03-01,14.933471428571437
2022-04-01,14.910171428571438
2022-05-01,14.895300000000011
2022-06-01,14.892814285714296
2022-07-01,14.904214285714296
2022-08-01,14.927228571428584
2022-09-01,14.955557142857154
2022-10-01,14.981657142857154
2022-11-01,14.991785714285726
2022-12-01,14.988242857142868
