,country,Total Population,Available Manpower,Fit-for-Service,Reaching Mil Age Annually,Tot Military Personnel (est.),Active Personnel,Reserve Personnel,Paramilitary,Manpower Composition,Total Aircraft Strength,Fighters/Interceptors,Dedicated Attack,Transports,Trainers,Special-Mission,Tanker Fleet,Helicopters,Attack Helicopters,Tanks,Armored Vehicles,Self-Propelled Artillery,Towed Artillery,Rocket Projectors,Aircraft Carriers,Helicopter Carriers,Destroyers,Frigates,Corvettes,Submarines,Patrol Vessels,Mine Warfare,Oil Production,Oil Consumption,Oil Proven Reserves,Labor Force,Merchant Marine Fleet,Ports / Trade Terminals,Roadway Coverage,Railway Coverage,Airports,Defense Budget,External Debt,Foreign Exchange/Gold,Purchasing Power Parity,Square Land Area,Coastline Coverage,Shared Borders,Waterways (usable)
0,USA,332639102,146361205,121479800,4251793,2245500,1400000,845500,0,1,13233,1956,761,945,2765,749,625,5436,904,6100,40000,1500,1340,1365,11,10,92,0,21,68,13,8,11000000 bbl,20000000 bbl,35000000000 bbl,146128000,3673,35,6586610,224792,13513,$740500000000,$17910000000000,$123300000000,$19500000000000,9826675,19924,12048,41009
1,Switzerland,8403994,3613717,2999385,89982,239000,21000,218000,0,54,160,54,0,17,46,1,0,42,0,134,2315,224,0,0,,,,,,,,,0 bbl,260000 bbl,0 bbl,5067000,32,1,71454,4876,63,$5070000000,$1664000000000,$811200000000,$531500000000,41277,LANDLOCKED,1770,1299
2,Norway,5467439,2186976,1793320,71733,64000,24000,40000,0,55,156,44,18,4,32,8,0,50,0,36,725,80,0,12,0,0,0,4,6,6,16,6,1515000 bbl,260000 bbl,6376000000 bbl,2699000,1576,11,93509,4169,95,$7501000000,$642300000000,$65920000000,$386500000000,323802,25148,2566,1577
3,Ireland,5176569,2381222,1976414,57316,13000,9000,4000,0,92,22,0,0,3,8,3,0,8,0,0,120,0,0,0,0,0,0,0,0,0,9,0,0 bbl,145000 bbl,0 bbl,2289000,93,7,96036,3237,40,$1200000000,$2470000000000,$4412000000,$372900000000,70273,1448,443,956
4,Qatar,2444174,611044,470503,11763,17000,12000,0,5000,57,148,32,6,12,35,0,0,63,20,86,750,46,12,75,0,0,0,0,0,0,68,0,1465000 bbl,190000 bbl,25240000000 bbl,1953000,136,3,7790,0,6,$6000000000,$167800000000,$15010000000,$345000000000,11586,563,87,0
5,Singapore,6209660,4036279,2704307,67608,1467500,72500,1385000,10000,44,237,100,0,9,36,9,10,73,18,170,3100,48,77,24,0,0,0,6,6,0,10,4,0 bbl,1340000 bbl,0 bbl,3778000,3433,1,3356,0,9,$10700000000,$566100000000,$279900000000,$543250000000,697,193,NONE - ISLAND,10
6,Denmark,5869410,2582540,2091858,77399,61500,16000,45500,0,65,113,33,0,4,38,3,0,35,0,44,900,15,0,0,0,0,0,9,0,0,16,6,115000 bbl,162000 bbl,439000000 bbl,2736000,682,8,73197,2667,80,$5000000000,$484800000000,$75250000000,$292000000000,43094,7314,140,400
7,Australia,25466459,10695913,8770648,280661,80000,60000,20000,0,30,425,75,19,38,123,31,6,133,22,59,3050,0,54,0,0,2,3,8,0,6,13,6,285000 bbl,1005000 bbl,1821000000 bbl,12568000,579,29,818356,38445,418,$42700000000,$1714000000000,$66580000000,$1278000000000,7741220,25760,NONE - ISLAND,2000
8,Sweden,10202491,4080996,3428037,102841,51200,30000,0,21200,48,204,71,0,6,69,4,1,53,0,120,5700,48,0,0,0,0,0,0,7,5,297,9,0 bbl,320000 bbl,0 bbl,5029000,360,11,572900,11633,231,$7475000000,$939900000000,$62220000000,$530000000000,450295,3218,2211,2052
9,Netherlands,17280397,7776179,6298705,195260,46000,35500,4500,6000,53,165,49,4,4,29,0,1,78,28,18,1140,57,0,0,0,0,0,6,0,4,4,6,18000 bbl,840000 bbl,81130000 bbl,8907000,1217,6,139295,3013,29,$14542000000,$4063000000000,$38440000000,$946500000000,41543,451,1053,6237
10,Austria,8859449,3986752,3588077,93290,182500,22500,160000,0,62,120,15,0,11,32,0,0,62,0,56,465,62,0,0,,,,,,,,,13000 bbl,215000 bbl,41200000 bbl,3739000,0,4,110778,6399,50,$3300000000,$630800000000,$21570000000,$447000000000,83871,LANDLOCKED,2524,0
11,Finland,5571665,2284383,1896038,56881,315500,21500,280000,14000,49,194,55,0,11,105,1,0,22,0,239,2055,140,625,75,0,0,0,0,0,0,8,18,0 bbl,205000 bbl,0 bbl,2520000,269,6,78141,5919,148,$5800000000,$150600000000,$10510000000,$250000000000,338145,1250,2563,7842
12,Germany,80159662,36873445,29498756,796466,215000,185000,30000,0,16,701,137,75,72,32,40,7,338,56,244,5260,117,0,38,0,0,0,10,5,6,0,12,40000 bbl,2500000 bbl,129600000 bbl,44585000,609,13,644480,41981,539,$57430000000,$5326000000000,$200100000000,$4300500000000,357022,2389,3694,7467
13,Belgium,11720716,4805494,3796340,113890,35000,30000,5000,0,64,117,43,0,11,40,0,0,23,0,0,855,0,0,0,0,0,0,2,0,0,2,5,0 bbl,645000 bbl,0 bbl,4122000,201,8,153595,3233,41,$5000000000,$1281000000000,$26160000000,$535000000000,30528,67,1297,2043
14,Canada,37694085,16208457,13128850,433252,112500,72000,35000,5500,31,377,62,0,37,135,24,6,113,0,82,1535,0,163,0,0,0,0,12,0,4,12,0,4265000 bbl,2500000 bbl,170500000000 bbl,18136000,669,13,1042300,46552,1467,$23400000000,$1608000000000,$86680000000,$1812000000000,9984670,202080,8893,636
15,United Arab Emirates,9992083,5795408,4926097,78818,65000,65000,0,0,21,552,100,20,41,146,19,3,223,30,434,8750,180,76,112,0,0,0,0,9,0,38,2,3215000 bbl,575000 bbl,97800000000 bbl,5344000,637,8,4080,0,43,$23195200000,$237600000000,$95370000000,$709000000000,83600,1318,1066,0
16,United Kingdom,65761117,30250114,24200091,750203,275000,195000,80000,0,15,738,119,15,45,244,30,9,269,38,109,5500,89,126,35,2,0,6,13,0,11,25,13,1000000 bbl,1600000 bbl,2069000000 bbl,35412000,1426,16,394428,16454,460,$56042000000,$8126000000000,$150800000000,$2974000000000,243610,12429,443,3200
17,New Zealand,4925477,2117955,1694364,60997,11300,9000,2300,0,80,47,0,0,7,12,6,0,22,0,0,435,0,24,0,0,0,0,2,0,0,4,0,25000 bbl,150000 bbl,51800000 bbl,2709000,113,6,94160,4128,123,$4300000000,$91620000000,$20680000000,$195500000000,267710,15134,NONE - ISLAND,0
18,Israel,8675475,3643700,3024271,120971,643000,170000,465000,8000,19,595,241,23,15,154,23,11,128,48,1650,7500,650,300,100,0,0,0,0,4,5,48,0,400 bbl,250000 bbl,12730000 bbl,3893000,40,5,18290,975,42,$16600000000,$88660000000,$113000000000,$328000000000,20770,273,1068,0
19,France,67848156,29853189,23584019,778273,450000,270000,35000,145000,8,1057,269,0,118,169,46,23,432,69,406,6420,109,12,13,1,3,11,11,0,10,15,17,16000 bbl,1600000 bbl,65970000 bbl,27742000,552,17,951200,29640,464,$47700000000,$5360000000000,$156400000000,$2904000000000,643801,4853,4072,8501
20,Japan,125507472,53968213,43714252,1180285,319000,250000,55000,14000,6,1480,256,17,61,427,162,6,552,119,1004,5500,214,480,99,0,4,37,0,6,20,6,21,3200 bbl,4000000 bbl,44120000 bbl,66540000,5017,44,1210251,27182,175,$51700000000,$3240000000000,$1264000000000,$5445000000000,377915,29751,NONE - ISLAND,1770
21,Italy,62402659,28081197,22745769,568644,371000,175000,20000,176000,13,876,92,94,39,188,27,10,410,59,200,8500,54,108,21,2,0,4,12,0,8,16,10,90000 bbl,1300000 bbl,487800000 bbl,22920000,1353,14,487700,20255,129,$30468800000,$2444000000000,$151200000000,$2344000000000,301340,7600,1836,2400
22,Kuwait,2993706,1646538,1383092,34577,46500,15500,24000,7000,70,87,27,0,2,13,0,3,42,16,367,800,98,0,27,0,0,0,0,0,0,106,0,2805000 bbl,345000 bbl,101500000000 bbl,2695000,154,5,5749,0,7,$7800000000,$47240000000,$33700000000,$285000000000,17818,499,475,0
23,Spain,50015792,23007264,18635884,372718,216000,125000,15000,76000,23,519,140,12,47,163,15,9,133,24,327,3500,96,140,0,1,0,0,11,0,2,23,6,1700 bbl,1226000 bbl,150000000 bbl,19057000,119,12,681298,15293,135,$12854000000,$2094000000000,$69410000000,$1830000000000,505370,4964,1953,1000
24,Slovenia,2102678,1009285,827614,20690,15000,7500,1500,6000,83,37,0,0,3,22,0,0,12,0,44,305,8,18,0,0,0,0,0,0,0,2,0,5 bbl,55000 bbl,0 bbl,885000,8,1,38985,1228,16,$545000000,$46300000000,$889900000,$74000000000,20273,47,1211,0
25,Bahrain,1505003,812702,692796,17270,19450,8200,0,11250,66,110,17,0,3,37,0,0,53,22,180,845,58,26,20,0,0,0,1,2,0,36,0,40000 bbl,55000 bbl,124600000 bbl,831600,261,2,4122,0,4,$1400000000,$52150000000,$2349000000,$73000000000,760,161,NONE - ISLAND,0
26,Portugal,10302674,4842257,3970651,119120,267500,30500,212000,25000,72,95,24,0,16,25,9,0,17,0,37,655,18,20,0,0,0,0,5,2,2,18,0,0 bbl,265000 bbl,0 bbl,4717000,624,4,82900,3319,64,$3360000000,$449000000000,$26110000000,$320500000000,92090,1793,1224,210
27,Saudi Arabia,34173498,17770219,16348601,588550,505000,480000,0,25000,12,889,279,81,50,186,13,35,258,34,1062,12500,705,1800,300,0,0,0,7,4,0,9,3,10425000 bbl,4000000 bbl,266200000000 bbl,13800000,374,5,221372,1378,214,$48500000000,$205100000000,$496400000000,$1782500000000,2149690,2640,4272,0
28,Estonia,1228624,602026,469580,14087,34500,6500,12000,16000,103,6,0,0,2,4,0,0,0,0,0,180,18,0,0,0,0,0,0,0,0,2,4,0 bbl,27500 bbl,0 bbl,648000,69,6,58412,1196,18,$790195500,$19050000000,$345000000,$42000000000,45228,3794,657,335
29,Czech Republic,10702498,5030174,4074441,97787,25000,25000,0,0,69,90,12,16,8,10,0,0,44,15,116,440,48,0,0,,,,,,,,,2000 bbl,200000 bbl,15000000 bbl,5222000,0,3,130671,9469,128,$3000000000,$205200000000,$148000000000,$387000000000,78867,LANDLOCKED,2046,664
30,Greece,10607051,4985314,4038104,104991,424500,200000,220500,4000,18,625,187,0,15,144,9,0,270,29,1344,3845,547,463,152,0,0,0,13,0,11,35,3,4100 bbl,350000 bbl,10000000 bbl,4000000,1308,7,116711,2548,77,$11709060000,$506600000000,$7807000000,$302000000000,131957,13676,1110,6
31,Cura√ßao,,,,,,,,,,,,,,,,,,,,,,,,,,,,,,,,,,,,,,,,,,,,,,,,
32,Slovakia,5440602,2774707,2303007,62181,16000,16000,0,0,79,50,10,0,7,8,1,0,24,0,20,460,16,9,25,,,,,,,,,200 bbl,82000 bbl,9000000 bbl,2511000,0,2,43916,3622,35,$2335000000,$75040000000,$3622000000,$185450000000,49035,LANDLOCKED,1587,172
33,Lithuania,2731464,1775452,1384852,38776,53000,18500,20000,14500,101,10,0,0,5,0,0,0,5,0,0,650,16,35,0,0,0,0,0,0,0,4,4,2000 bbl,72400 bbl,12000000 bbl,1333000,58,3,84166,1767,61,$880000000,$34480000000,$4450000000,$94000000000,65300,90,1545,441
34,Latvia,1881232,846554,677244,16254,21300,5300,16000,0,105,4,0,0,0,0,0,0,4,0,0,310,45,10,0,0,0,0,0,0,0,11,6,0 bbl,32500 bbl,0 bbl,885000,58,2,72440,2239,42,$750000000,$40020000000,$4614000000,$55755000000,64589,498,1370,300
35,Uruguay,3387605,1558298,1308971,54977,26500,25000,0,1500,80,47,0,7,9,16,5,0,10,0,75,500,6,64,0,0,0,0,1,0,0,3,2,0 bbl,55600 bbl,0 bbl,1748000,60,1,77732,1641,133,$1165000000,$28370000000,$15960000000,$79805000000,176215,660,1591,1600
36,Oman,4664844,1772641,1542197,61688,47000,42500,0,4500,60,128,29,10,9,45,4,0,31,0,117,700,10,168,12,0,0,0,0,5,0,12,0,980000 bbl,100000 bbl,5373000000 bbl,2255000,51,5,60240,0,132,$7500000000,$46270000000,$16090000000,$190000000000,309500,2092,1561,0
37,Hungary,9771827,4592759,3766062,112982,57000,25000,20000,12000,78,53,12,0,2,8,0,0,31,8,46,1000,0,12,0,,,,,,,,,16000 bbl,145000 bbl,24000000 bbl,4414000,0,5,199567,8057,41,$1905000000,$138100000000,$28000000000,$297500000000,103000,LANDLOCKED,2106,1622
38,Venezuela,28644603,14322302,11744287,587214,575000,345000,10000,220000,38,262,44,0,52,82,3,1,80,10,350,1200,60,100,36,0,0,0,3,0,2,30,0,1500000 bbl,575000 bbl,302300000000 bbl,14210000,289,5,96155,806,444,$735000000,$100300000000,$9661000000,$356300000000,912050,2800,5267,7100
39,Chile,18186770,8729650,7332906,284517,165000,80000,40000,45000,35,285,45,0,30,111,17,5,77,0,270,1065,48,164,30,0,0,0,8,0,4,86,0,3000 bbl,325000 bbl,150000000 bbl,7249000,221,11,80505,7082,481,$5150000000,$183400000000,$38980000000,$458000000000,756102,6435,7801,12290
40,Panama,3894082,1752337,1051402,45210,35000,10000,0,25000,82,40,0,0,12,4,1,0,23,0,0,55,0,0,0,0,0,0,0,0,0,0,0,0 bbl,100000 bbl,0 bbl,1633000,7860,3,11978,76,117,$475000000,$91530000000,$2703000000,$109000000000,75420,2490,687,800
41,Poland,38282325,18758339,15381838,461455,193500,120000,0,73500,26,469,91,0,49,113,9,0,207,30,863,5125,529,0,200,0,0,0,2,2,3,3,21,21000 bbl,585000 bbl,126000000 bbl,9561000,144,4,423997,19428,126,$10780000000,$241000000000,$113300000000,$1166500000000,312685,440,2845,3997
42,Croatia,4227746,2071596,1595129,54234,38500,15500,20000,3000,73,75,12,0,0,26,0,0,37,0,72,650,24,219,105,0,0,0,0,0,0,11,1,14000 bbl,82000 bbl,71000000 bbl,1656000,336,6,29343,2722,69,$880000000,$48100000000,$18820000000,$105000000000,56594,5835,2237,785
43,Romania,21302893,11077504,9083554,227089,180000,70000,50000,60000,59,145,28,0,11,42,2,0,62,0,675,1500,0,800,240,0,0,0,3,7,0,3,5,70000 bbl,240000 bbl,600000000 bbl,4889000,120,6,82386,10785,45,$5900000000,$95970000000,$44430000000,$509000000000,238391,225,2844,1731
44,Argentina,45479118,20010812,17009190,663358,115250,84000,0,31250,46,218,23,6,10,70,10,2,85,0,349,740,75,170,25,0,0,4,0,9,2,10,0,490000 bbl,685000 bbl,2162000000 bbl,18000000,192,10,231374,36966,1138,$4207450000,$214900000000,$55330000000,$910600000000,2780400,4989,11968,11000
45,Malaysia,32652083,15346479,12737578,534978,429000,110000,52000,267000,58,147,26,13,18,40,4,4,42,0,48,1380,0,196,54,0,0,0,10,6,2,32,4,645000 bbl,835000 bbl,3600000000 bbl,15139000,1748,9,98721,1849,114,$3850000000,$217200000000,$102400000000,$977500000000,329847,4675,2742,7200
46,Russia,141722205,69443880,46527400,1302767,3569000,1014000,2000000,555000,2,4144,789,742,429,495,130,19,1540,538,13000,27100,6540,4465,3860,1,0,15,11,85,64,55,48,10760000 bbl,3225000 bbl,80000000000 bbl,69923000,2739,8,982000,87157,1218,$42129000000,$539600000000,$432700000000,$4025000000000,17098242,37653,22408,102000
47,Grenada,36643815,14291088,8145920,782008,325000,175000,0,150000,37,270,0,29,48,0,0,0,193,0,0,1065,0,120,25,,,,,,,,,0 bbl,5500 bbl,0 bbl,8478000,0,2,42150,0,46,$4000000000,$2840000000,$7187000000,$72000000000,652230,LANDLOCKED,5987,1200
48,Kazakhstan,19091949,8591377,6529447,261178,167000,135000,0,32000,43,238,80,39,20,24,0,0,75,22,300,1200,246,450,407,0,0,0,0,0,0,15,2,1855000 bbl,245000 bbl,30000000000 bbl,8685000,124,5,97418,15333,96,$4000000000,$167500000000,$30750000000,$489500000000,2724900,26,13364,0
49,China,1394015977,752768628,617270275,19752649,3355000,2185000,510000,660000,3,3260,1200,371,264,405,115,3,902,327,3205,35000,1970,1234,2250,2,0,50,46,72,79,123,36,3775000 bbl,13500000 bbl,25630000000 bbl,774710000,5594,22,3860800,86000,507,$178200000000,$1598000000000,$3236000000000,$25400000000000,9596961,14500,22457,110000
50,Mexico,128649565,60465296,48976889,2154983,417000,275000,82000,60000,25,475,3,33,43,205,27,0,164,0,0,3435,0,200,0,0,0,0,5,0,0,133,0,1855000 bbl,2000000 bbl,6630000000 bbl,50914000,637,14,366095,17166,1714,$4380000000,$445800000000,$175300000000,$2521500000000,1964375,9330,4389,2900
51,Turkey,82017514,41874832,35174859,1406994,895000,355000,380000,160000,9,1056,206,0,80,273,19,7,471,104,3045,11630,943,1200,407,0,0,0,16,10,12,35,11,55000 bbl,845000 bbl,341600000 bbl,25677000,1234,10,352046,8699,98,$17300000000,$452400000000,$107700000000,$2300000000000,783562,7200,2816,1200
52,Bulgaria,6966899,3274443,2685043,64441,33000,30000,3000,0,75,67,13,4,7,21,0,0,22,2,210,2000,506,350,192,0,0,0,4,3,0,0,12,1000 bbl,115000 bbl,15000000 bbl,3113000,83,2,19512,4152,68,$2000000000,$42060000000,$28380000000,$158000000000,110880,354,1806,470
53,Brazil,211715973,107975146,85300366,3412015,2074500,334500,1340000,400000,17,676,43,77,124,210,40,2,177,12,439,2000,136,546,60,0,1,0,7,2,6,22,5,2600000 bbl,3020000 bbl,12630000000 bbl,86621000,864,17,1751868,28538,4093,$29300000000,$547400000000,$374000000000,$3300000000000,8514877,7491,16145,50000
54,Montenegro,609859,146366,86356,3368,12000,2000,0,10000,101,10,0,0,0,0,0,0,10,0,0,100,0,12,18,0,0,0,0,0,0,5,0,0 bbl,4860 bbl,0 bbl,167000,12,1,7762,250,5,$75000000,$2516000000,$1077000000,$11500000000,13812,294,680,0
55,Cuba,11059062,5971893,4777515,143325,1236000,50000,40000,1146000,71,80,38,0,2,26,0,0,14,4,1230,1570,100,150,20,0,0,0,0,0,0,25,4,50000 bbl,152000 bbl,124000000 bbl,4691000,52,8,60858,8203,133,$120000000,$30060000000,$11350000000,$137400000000,110860,3735,29,240
56,Lebanon,5469612,2133149,1813176,68901,95000,75000,0,20000,75,67,0,9,0,9,0,0,49,0,361,1890,12,374,30,0,0,0,0,0,0,12,0,0 bbl,110000 bbl,0 bbl,2166000,55,2,6970,401,8,$2300000000,$39300000000,$55420000000,$89650000000,10400,225,484,170
57,Botswana,2317233,973238,583943,22774,9000,9000,0,0,81,46,11,0,11,8,0,0,16,0,112,505,16,42,20,,,,,,,,,0 bbl,16500 bbl,0 bbl,1177000,0,0,17916,0,74,$540000000,$2187000000,$7491000000,$40000000000,581730,LANDLOCKED,4347,0
58,Dominican Republic,10499707,4829865,3912191,93893,70000,55000,0,15000,77,64,0,8,10,11,1,0,34,0,0,20,0,15,0,0,0,0,0,0,0,14,0,0 bbl,125000 bbl,0 bbl,4732000,37,5,19705,496,36,$300000000,$29160000000,$6873000000,$182000000000,48320,1288,376,350
59,Gabon,2230908,847745,483215,43489,7000,5000,0,2000,91,23,6,0,2,0,0,0,15,0,0,150,0,10,0,0,0,0,0,0,0,3,0,195000 bbl,16500 bbl,2000000000 bbl,557800,28,5,9170,649,44,$80000000,$6490000000,$981600000,$37115000000,267667,885,3261,1600
60,Thailand,68977400,35868248,27618551,1104742,701000,361000,200000,140000,20,587,75,18,50,163,20,0,261,7,840,2500,53,583,17,0,1,0,7,7,0,49,5,230000 bbl,1345000 bbl,349400000 bbl,37546000,825,5,180053,4071,101,$7200000000,$132000000000,$202600000000,$1278000000000,513120,3219,5673,4000
61,Serbia,7012165,3435961,2714409,81432,84000,30000,50000,4000,65,113,6,17,1,38,0,0,51,4,304,1200,93,144,70,,,,,,,,,17000 bbl,75000 bbl,77500000 bbl,3000000,0,1,41913,3379,26,$1140000000,$29500000000,$11910000000,$108050000000,77474,LANDLOCKED,2322,587
62,Libya,6890535,3583078,3081447,120176,30000,30000,0,0,63,118,20,2,6,64,0,0,26,7,200,4550,365,250,900,0,0,0,1,1,0,1,2,1040000 bbl,315000 bbl,48360000000 bbl,1114000,94,5,100024,2757,146,$4900000000,$3020000000,$74710000000,$65000000000,1759540,1770,4339,0
63,Turkmenistan,5528627,2666600,2159946,103677,27000,22000,0,5000,74,72,24,20,3,0,0,0,25,10,654,2065,73,455,160,0,0,0,0,0,0,25,0,245000 bbl,150000 bbl,600000000 bbl,2305000,71,1,58592,2980,26,$800000000,$539400000,$24910000000,$109000000000,488100,1768,4158,1300
64,Peru,31914989,15319195,12408548,620427,357000,90000,190000,77000,42,239,17,22,40,61,9,0,90,16,140,555,24,230,70,0,0,0,7,6,5,6,0,50000 bbl,210000 bbl,434900000 bbl,3421000,98,8,140672,1907,191,$2700000000,$66250000000,$63830000000,$443500000000,1285216,2414,7062,8808
65,Colombia,49084841,24051572,19000742,836033,525000,300000,35000,190000,29,456,21,38,76,80,28,1,212,0,0,485,6,110,0,0,0,0,4,2,11,285,0,865000 bbl,300000 bbl,1665000000 bbl,19309000,115,8,141374,874,836,$10500000000,$124600000000,$47130000000,$724000000000,1138910,3208,6672,24725
66,South Africa,56463617,25973264,14025562,953738,81500,66500,15000,0,45,221,17,0,22,88,7,0,87,12,195,3000,43,72,50,0,0,0,4,0,3,31,2,1600 bbl,605000 bbl,15000000 bbl,14687000,103,6,362099,20192,407,$3597000000,$156300000000,$50720000000,$774350000000,1219090,2798,5244,0
67,Ecuador,16904867,7776239,6220991,304829,160500,40000,120000,500,66,110,9,0,23,29,7,0,42,0,232,410,15,100,26,0,0,0,2,6,2,5,0,515000 bbl,282000 bbl,8273000000 bbl,8086000,137,5,43670,965,432,$2350000000,$39290000000,$2395000000,$193000000000,283560,2237,2237,1500
68,Belarus,9477918,5023297,3717239,100365,445500,45500,290000,110000,47,207,43,68,4,29,0,0,63,21,601,1550,482,228,238,,,,,,,,,30000 bbl,190000 bbl,198000000 bbl,4381000,4,1,86392,5537,65,$775000000,$39920000000,$7315000000,$178066000000,207600,LANDLOCKED,3599,2500
69,Suriname,609569,134105,79122,3086,2000,2000,0,0,106,3,0,0,0,0,0,0,3,0,0,55,0,0,0,0,0,0,0,0,0,17,0,17000 bbl,15100 bbl,84200000 bbl,144000,10,2,4304,0,55,$60000000,$1700000000,$424400000,$8838000000,163820,386,1907,1200
70,Bosnia and Herzegovina,3835586,2378063,1973793,51319,10500,10500,0,0,95,19,0,0,0,0,0,0,19,0,320,400,57,679,143,0,0,0,0,0,0,0,0,0 bbl,32500 bbl,0 bbl,806000,0,5,22926,601,24,$220000000,$10870000000,$6474000000,$45000000000,51197,20,1543,0
71,Namibia,2630073,578616,376100,29712,16000,10000,0,6000,88,30,6,0,3,14,0,0,7,2,5,385,0,50,4,0,0,0,0,2,0,5,0,0 bbl,25000 bbl,0 bbl,956800,12,2,44138,2626,112,$495000000,$7969000000,$2432000000,$26600000000,824292,1572,4220,0
72,Iraq,38872655,16326515,13224477,661224,310000,165000,0,145000,32,350,26,33,16,104,18,0,153,40,309,4740,44,120,30,0,0,0,0,0,0,59,0,4615000 bbl,825000 bbl,148800000000 bbl,8900000,73,3,44900,2272,102,$6000000000,$73020000000,$48880000000,$680800000000,438317,58,3809,5279
73,Paraguay,7191685,3380092,2873078,143654,190500,10500,165000,15000,84,36,0,0,6,15,0,0,16,0,8,75,0,50,0,,,,,,,,,0 bbl,30000 bbl,0 bbl,3428000,106,4,29500,36,799,$370000000,$17700000000,$7877000000,$92685000000,406752,LANDLOCKED,4655,3100
74,Iran,84923314,47557056,39947927,1398177,1925000,525000,350000,1050000,24,516,161,23,85,96,9,6,99,12,3709,8500,770,2108,2475,0,0,0,6,3,29,20,0,4250000 bbl,2000000 bbl,157200000000 bbl,30500000,785,4,172927,8442,319,$14100000000,$7995000000,$120600000000,$1757500000000,1648195,2440,5894,850
75,Albania,3074579,1506775,1280562,61467,10500,10000,0,500,95,19,0,0,0,0,0,0,19,0,0,470,0,0,0,0,0,0,0,0,0,26,0,14000 bbl,42500 bbl,168300000 bbl,1104000,68,4,18000,339,3,$200000000,$9505000000,$3590000000,$38000000000,28748,362,691,41
76,Azerbaijan,10205810,5000847,3750635,150025,440000,125000,300000,15000,59,145,12,12,1,32,0,0,88,17,1052,1450,242,307,245,0,0,0,1,0,4,13,7,800000 bbl,180000 bbl,7000000000 bbl,4939000,305,1,52942,2918,23,$2265000000,$17410000000,$6681000000,$172000000000,86600,713,2468,0
77,Georgia,3997000,2238320,1813039,58017,25400,20000,0,5400,76,66,0,10,2,12,0,0,38,9,163,585,73,83,50,0,0,0,0,0,0,19,0,400 bbl,18500 bbl,35000000 bbl,686000,82,2,20329,1612,22,$300000000,$16990000000,$3039000000,$41320000000,69700,310,1814,4349
78,Guatemala,17153288,7032848,5907592,366271,110000,20000,65000,25000,86,32,0,4,8,4,0,0,16,0,12,135,0,88,0,0,0,0,0,0,0,21,0,9500 bbl,85000 bbl,83070000 bbl,6664000,9,2,11501,332,291,$345000000,$22920000000,$11770000000,$142000000000,108889,400,1667,990
79,Jordan,10820644,3354400,2884784,144239,180000,100000,65000,15000,39,261,44,0,16,60,5,0,136,47,1401,3645,461,84,88,0,0,0,0,0,0,27,0,25 bbl,110000 bbl,1000000 bbl,731000,32,1,7891,507,18,$1950000000,$29340000000,$15560000000,$90720000000,89342,26,1744,540
80,Armenia,3021324,1691941,1387392,44397,259300,45000,210000,4300,75,67,4,11,3,13,0,0,36,20,210,750,40,130,65,,,,,,,,,0 bbl,47500 bbl,0 bbl,1507000,0,0,7705,869,7,$634000000,$10410000000,$2314000000,$28340000000,29743,LANDLOCKED,1570,0
81,Mongolia,3168026,1805775,1498793,59952,153000,10000,135000,8000,100,11,0,0,3,2,0,0,6,0,470,750,0,300,130,,,,,,,,,20000 bbl,25000 bbl,0 bbl,1241000,271,0,49249,1908,44,$200000000,$25330000000,$3016000000,$41000000000,1564116,LANDLOCKED,8082,580
82,Algeria,42972878,20626981,17532934,683784,470000,130000,150000,190000,22,551,102,22,60,87,9,3,268,45,2024,7000,324,396,300,0,0,0,8,10,8,65,2,1260000 bbl,325000 bbl,12200000000 bbl,10859000,114,12,111261,3973,149,$13904000000,$6260000000,$97890000000,$635000000000,2381741,998,6734,0
83,Sri Lanka,22889201,10986816,8899321,329275,343500,245000,5500,93000,72,78,0,0,15,6,2,0,51,9,212,600,0,200,22,0,0,0,4,0,0,37,0,0 bbl,90000 bbl,0 bbl,8000000,97,1,114093,1449,18,$1891700000,$51720000000,$7959000000,$285000000000,65610,1340,NONE - ISLAND,160
84,El Salvador,6481102,3110929,2457634,140085,52000,25000,10000,17000,80,47,0,13,2,2,0,0,30,0,0,130,0,70,0,0,0,0,0,0,0,3,0,0 bbl,45600 bbl,0 bbl,2908000,2,2,6918,283,68,$270000000,$15510000000,$3567000000,$52000000000,21041,307,590,0
85,Indonesia,267026366,130842919,108599623,4561184,1080000,400000,400000,280000,28,458,41,38,64,109,17,1,188,15,332,1430,153,366,63,0,0,0,7,24,5,179,10,775000 bbl,1630000 bbl,3310000000 bbl,129366000,9879,16,437759,5042,673,$9200000000,$344400000000,$130200000000,$3402500000000,1904569,54716,2958,21579
86,Bolivia,11639909,5121560,3892386,221866,35000,35000,0,0,77,64,0,0,14,22,0,0,28,0,54,160,0,86,0,,,,,,,,,60000 bbl,60000 bbl,211500000 bbl,5719000,43,5,80488,3652,855,$625000000,$12810000000,$10260000000,$86000000000,1098581,LANDLOCKED,7252,10000
87,Tunisia,11721177,5860589,5040106,201604,48000,36000,0,12000,55,156,12,0,14,29,0,0,101,0,170,1200,67,162,0,0,0,0,0,0,0,33,0,40000 bbl,90500 bbl,425000000 bbl,4054000,67,5,19418,2165,29,$810000000,$30190000000,$5594000000,$139000000000,163610,1148,1495,0
88,Angola,32522339,6504468,3252234,331728,120000,110000,0,10000,33,300,72,18,28,54,2,0,126,15,379,600,28,350,115,0,0,0,0,0,0,37,2,1600000 bbl,82300 bbl,9523000000 bbl,12510000,55,6,51429,2764,102,$7650000000,$42080000000,$17290000000,$190000000000,1246700,1600,5369,1300
89,Bhutan,782318,179933,107960,4210,7000,7000,0,0,107,2,0,0,0,0,0,0,2,0,0,25,0,0,0,,,,,,,,,0 bbl,2000 bbl,0 bbl,397900,0,0,10578,0,2,$19125000,$2671000000,$1206000000,$7700000000,38394,LANDLOCKED,1136,0
90,Moldova,3364496,2018698,1675519,67021,66200,5200,60000,1000,106,3,0,0,1,0,0,0,2,0,0,341,9,69,25,,,,,,,,,0 bbl,16320 bbl,0 bbl,1295000,142,0,9352,1171,7,$25000000,$6549000000,$2803000000,$22720000000,33851,LANDLOCKED,1885,558
91,Morocco,35561654,17069594,14509155,609385,510000,310000,150000,50000,40,249,83,0,29,67,4,2,64,0,3033,8000,510,156,144,0,0,0,6,1,0,22,0,160 bbl,206000 bbl,684000 bbl,10399000,86,7,58395,2067,55,$6000000000,$51480000000,$26270000000,$305500000000,446550,1835,2363,0
92,Philippines,109180815,46947750,38497155,1924858,315000,125000,130000,60000,51,179,0,25,21,24,9,0,100,0,4,600,12,285,0,0,0,0,2,4,0,55,0,13000 bbl,320000 bbl,138500000 bbl,41533000,1706,5,213151,995,247,$4250000000,$76180000000,$81570000000,$931000000000,300000,36289,NONE - ISLAND,3219
93,Ukraine,43922083,22400262,15680184,470406,1245000,255000,900000,90000,36,285,42,25,31,71,5,0,111,34,2430,11435,785,2040,550,0,0,0,1,0,0,11,1,32000 bbl,325000 bbl,395000000 bbl,17990000,408,6,169495,21658,187,$9600000000,$130000000000,$18810000000,$378450000000,603550,2782,5618,2150
94,Vietnam,98721275,51335063,42094752,1683790,5522500,482500,0,5040000,41,247,75,0,39,30,4,0,99,25,2155,5500,100,1120,810,0,0,0,9,14,6,26,8,245000 bbl,525000 bbl,4400000000 bbl,54659000,1863,8,180549,2632,45,$6390000000,$96580000000,$49500000000,$686500000000,331210,3444,4616,17702
95,Egypt,104124440,42691020,35860457,1542000,1330000,450000,480000,400000,10,1053,250,88,59,341,11,0,304,91,3735,11000,1165,2200,1235,0,2,0,9,7,8,50,23,640000 bbl,832000 bbl,4400000000 bbl,24113000,393,11,65050,5083,83,$10000000000,$77470000000,$35890000000,$1252000000000,1001450,2450,2612,3500
96,Laos,7447396,3276854,2359335,146279,130000,30000,0,100000,85,33,0,0,2,4,0,0,27,0,160,250,34,87,64,,,,,,,,,0 bbl,4500 bbl,0 bbl,3582000,1,0,39568,0,41,$18000000,$14900000000,$1270000000,$52000000000,236800,LANDLOCKED,5274,4600
97,Honduras,9235340,4063550,3047662,188955,83000,15000,60000,8000,81,46,3,9,11,9,1,0,13,0,19,95,0,56,0,0,0,0,0,0,0,66,0,0 bbl,60000 bbl,0 bbl,3735000,527,4,14742,44,103,$400000000,$8625000000,$4708000000,$48000000000,112090,832,1575,465
98,Ghana,29340248,12616307,8452925,532534,15500,15500,0,0,91,23,0,0,2,6,2,0,13,0,0,240,0,34,6,0,0,0,0,0,0,23,0,175000 bbl,65000 bbl,660000000 bbl,12490000,48,2,109515,947,10,$215000000,$22140000000,$7555000000,$141500000000,238533,539,2420,1293
99,Zimbabwe,14546314,5527599,3150732,305621,52000,30000,0,22000,69,90,10,0,14,38,0,0,28,6,40,300,0,60,20,,,,,,,,,0 bbl,19500 bbl,0 bbl,7907000,0,2,97267,3427,196,$400000000,$9357000000,$431800000,$35000000000,390757,LANDLOCKED,3229,0
100,Nicaragua,6203441,3039686,2583733,139522,12000,12000,0,0,95,19,0,0,5,1,0,0,13,0,198,285,0,272,160,0,0,0,0,0,0,17,3,0 bbl,35000 bbl,0 bbl,3046000,6,2,22111,0,147,$85000000,$11310000000,$2758000000,$38015000000,130370,910,1253,2220
101,Nigeria,214028302,77050189,43148106,3451848,200000,120000,0,80000,61,125,8,13,21,38,4,0,41,15,355,2000,65,339,59,0,0,0,1,0,0,97,2,2000000 bbl,275000 bbl,37450000000 bbl,60080000,677,4,193200,3505,54,$2100000000,$40960000000,$38770000000,$1130000000000,923768,853,4477,8600
102,India,1326093247,623263826,492378423,23141786,5127000,1445000,1155000,2527000,4,2119,542,130,251,345,70,6,775,37,4730,10000,100,4040,374,1,0,10,13,23,17,139,0,710000 bbl,5000000 bbl,4495000000 bbl,521900000,1731,13,3320410,63974,346,$73650000000,$501600000000,$409800000000,$9500000000000,3287263,7000,13888,14500
103,Kenya,53527936,19805336,12873469,862522,29000,24000,0,5000,56,150,17,0,21,23,2,0,87,2,75,550,30,25,0,0,0,0,0,0,0,7,0,0 bbl,82000 bbl,0 bbl,19600000,24,2,160886,2066,197,$1100000000,$27590000000,$7354000000,$171000000000,580367,536,3457,0
104,Bangladesh,162650853,79698918,63759134,3060438,7004000,204000,0,6800000,52,178,44,0,13,58,2,0,59,0,620,2000,54,486,72,0,0,0,7,6,2,21,4,3000 bbl,112000 bbl,28000000 bbl,66640000,376,3,21269,2622,18,$4270000000,$50260000000,$33420000000,$700000000000,143998,580,4413,8370
105,Zambia,17426623,6099318,3476611,312895,19600,15100,3000,1500,67,108,18,0,11,52,0,0,27,0,44,165,0,95,30,,,,,,,,,0 bbl,21000 bbl,0 bbl,6898000,1,1,91440,2157,88,$43000000,$11660000000,$2082000000,$71270000000,752618,LANDLOCKED,6043,2250
106,Cameroon,27744989,9433296,5565645,434120,24500,14500,0,10000,87,31,0,0,6,6,2,0,17,0,0,245,0,60,20,0,0,0,0,0,0,36,0,70000 bbl,32500 bbl,200000000 bbl,9912000,29,3,51350,1245,33,$350000000,$9375000000,$3235000000,$91000000000,475440,400,5018,0
107,Uzbekistan,30565411,15894014,13350972,600794,70000,50000,0,20000,49,194,60,20,18,7,0,0,89,33,420,1215,80,60,98,0,0,0,0,0,0,0,0,41000 bbl,142000 bbl,594000000 bbl,13273000,0,1,86496,3645,53,$15000000000,$16900000000,$16000000000,$236250000000,447400,420,6893,1100
108,Cambodia,16926984,8124952,5687467,312811,195000,125000,0,70000,93,21,0,0,4,0,0,0,17,0,635,1000,0,713,420,0,0,0,0,0,0,26,0,0 bbl,42500 bbl,0 bbl,8913000,268,2,39618,690,16,$600000000,$11870000000,$12200000000,$68000000000,181035,443,2530,3700
109,Pakistan,223500636,96105273,75923166,4327620,1704000,654000,550000,500000,7,1364,357,90,48,510,24,4,331,53,2680,9635,429,1690,330,0,0,0,8,2,9,49,3,90000 bbl,575000 bbl,332200000 bbl,61710000,54,2,260760,7791,151,$12275000000,$82190000000,$18460000000,$1110500000000,796095,1046,7257,25220
110,Myanmar,56590071,29992738,21594771,1014954,515000,405000,0,110000,34,287,60,21,27,88,5,0,86,9,595,1700,40,1869,496,0,0,0,5,3,1,79,2,11000 bbl,42600 bbl,139000000 bbl,22300000,95,3,34377,5031,64,$2000000000,$6594000000,$4924000000,$348000000000,676578,1930,6522,12800
111,Kyrgyzstan,5964897,3042097,2403257,110550,21000,11000,0,10000,102,7,0,0,0,0,0,0,7,2,150,400,30,159,21,,,,,,,,,1000 bbl,17200 bbl,40000000 bbl,2841000,0,2,34000,470,28,$20000000,$8164000000,$2177000000,$24115000000,199951,LANDLOCKED,4573,600
112,Mauritania,4005475,1562135,1093495,74358,21000,16000,0,5000,89,28,0,2,6,9,7,0,4,0,30,100,0,100,0,0,0,0,0,0,0,3,0,4000 bbl,18500 bbl,20000000 bbl,1437000,5,2,10628,728,30,$40000000,$4150000000,$875000000,$24705000000,1030700,754,5002,0
113,Tanzania,58552845,10539512,5796732,521706,111500,30000,80000,1500,85,33,14,0,6,8,0,0,7,0,42,100,0,0,0,0,0,0,0,0,0,10,0,0 bbl,46000 bbl,0 bbl,24890000,337,2,86472,3689,166,$680000000,$17660000000,$5301000000,$172100000000,947300,1424,4161,0
114,Nepal,30327877,14860660,11442708,755219,110000,95000,0,15000,98,14,0,0,5,0,0,0,9,0,0,214,0,14,0,,,,,,,,,0 bbl,20000 bbl,0 bbl,16810000,0,0,17282,59,47,$200000000,$5849000000,$9091000000,$82305000000,147181,LANDLOCKED,3159,0
115,Sudan,45561556,24147625,15454480,1205449,210000,105000,85000,20000,50,190,45,38,22,12,0,0,73,43,830,450,10,0,0,0,0,0,0,0,0,10,0,95000 bbl,96800 bbl,5000000000 bbl,11920000,17,1,11900,5978,74,$4000000000,$56050000000,$198000000,$181000000000,1861484,853,6819,1723
116,Yemen,29884405,11356074,8403495,579841,113500,43500,0,70000,52,178,77,0,8,30,2,0,61,14,400,600,20,85,100,0,0,0,0,2,0,15,3,61000 bbl,145000 bbl,3000000000 bbl,7425000,34,3,71300,0,57,$1000000000,$7068000000,$245400000,$69000000000,527968,1906,1601,0
117,Mali,19553397,6061553,3818778,320777,18000,10000,0,8000,89,28,9,0,6,4,1,0,8,6,50,265,0,20,32,,,,,,,,,0 bbl,5500 bbl,0 bbl,6447000,0,1,22474,593,25,$65000000,$4192000000,$647800000,$43000000000,1240192,LANDLOCKED,7908,0
118,Tajikistan,8873669,4081888,3224691,151560,16500,9000,0,7500,90,25,0,0,1,4,0,0,20,6,253,400,0,80,125,,,,,,,,,180 bbl,20500 bbl,12000000 bbl,2295000,0,0,27767,680,24,$79000000,$5750000000,$1292000000,$30230000000,143100,LANDLOCKED,4130,200
119,Ethiopia,108113150,51894312,32174473,2509609,162000,162000,0,0,68,92,24,0,9,26,0,0,33,8,365,130,65,480,180,,,,,,,,,0 bbl,55000 bbl,428000 bbl,52820000,11,2,36469,681,57,$520000000,$26050000000,$3013000000,$216000000000,1104300,LANDLOCKED,5925,104300
120,Chad,16877357,6075849,3402475,343650,35000,30500,0,4500,84,36,0,6,7,4,2,0,17,3,60,385,10,50,10,,,,,,,,,135000 bbl,100000 bbl,1500000000 bbl,5654000,0,0,40000,0,59,$82210000,$1724000000,$22900000,$27000000000,1284000,LANDLOCKED,6406,0
121,Burkina Faso,20835401,7709098,5473460,328408,11450,11200,0,250,97,15,0,3,1,4,0,0,7,2,0,245,0,0,0,,,,,,,,,0 bbl,10500 bbl,0 bbl,8501000,0,0,15304,622,23,$300000000,$3056000000,$49000000,$35850000000,274200,LANDLOCKED,3611,0
122,Liberia,5073296,2232250,1785800,60717,2200,2200,0,0,138,0,0,0,0,0,0,0,0,0,0,55,0,0,0,0,0,0,0,0,0,0,0,0 bbl,4500 bbl,0 bbl,1677000,3496,2,10600,429,29,$14500000,$1036000000,$459800000,$6160000000,111369,579,1667,0
123,Uganda,43252966,14706008,8676545,858978,56500,45000,10000,1500,79,50,10,0,2,12,0,0,26,5,242,1040,6,35,25,,,,,,,,,0 bbl,17500 bbl,2500000000 bbl,15840000,1,3,20000,1244,47,$930000000,$10800000000,$3654000000,$92000000000,241038,LANDLOCKED,2729,0
124,Sierra Leone,6624933,1457485,874491,34105,8500,8500,0,0,104,5,0,0,0,0,0,0,5,2,0,20,0,0,0,0,0,0,0,0,0,7,0,0 bbl,9500 bbl,0 bbl,132000,518,3,11300,0,8,$30000000,$1615000000,$478000000,$12085000000,71740,402,1093,800
125,Madagascar,26955737,10243180,7272658,509086,21500,13500,0,8000,103,6,0,0,0,0,0,0,6,0,10,100,0,17,0,0,0,0,0,0,0,9,0,0 bbl,18500 bbl,0 bbl,13400000,28,4,34476,854,83,$120000000,$4089000000,$1600000000,$41415000000,587040,4828,NONE - ISLAND,600
126,Afghanistan,36643815,14291088,8145920,782008,325000,175000,0,150000,37,270,0,29,48,0,0,0,193,0,0,1065,0,120,25,,,,,,,,,0 bbl,5500 bbl,0 bbl,8478000,0,2,42150,0,46,$4000000000,$2840000000,$7187000000,$72000000000,652230,LANDLOCKED,5987,1200
127,Mozambique,30098197,13243207,7018900,491323,11200,11200,0,0,96,16,8,0,1,1,0,0,6,2,90,385,0,245,24,0,0,0,0,0,0,8,0,0 bbl,22500 bbl,0 bbl,12900000,29,3,30331,4787,98,$115000000,$10910000000,$3361000000,$38405000000,799380,2470,4783,460
128,Central African Republic,5990855,2336433,1331767,110537,8200,7200,0,1000,106,3,0,0,2,0,0,0,1,0,3,65,0,0,0,,,,,,,,,0 bbl,4500 bbl,0 bbl,2242000,0,2,20278,0,39,$25000000,$779900000,$304300000,$3400000000,622984,LANDLOCKED,5920,2800
129,Niger,22772361,6831708,4577245,379911,11000,5500,0,5500,96,16,0,2,5,0,2,0,7,1,0,180,0,0,0,,,,,,,,,9000 bbl,6500 bbl,150000000 bbl,6500000,1,0,18949,0,30,$230000000,$3728000000,$1314000000,$22855000000,1267000,LANDLOCKED,5834,300
130,Somalia,11757124,2704139,1622483,121686,20000,20000,0,0,138,0,0,0,0,0,0,0,0,0,0,80,0,25,0,0,0,0,0,0,0,11,0,0 bbl,6200 bbl,0 bbl,4154000,4,2,22100,0,52,$60200000,$5300000000,$30450000,$21090000000,637657,3025,2385,0
